Tiempo (s),Fuerza (N),Posición (m),Vector velocidad (m/s),Aceleración (m/s²)
0.000,-7.7,0.357,0,0
0.020,-7.7,0.356,-0.01,0
0.040,-7.7,0.356,0.01,0.8
0.060,-7.7,0.357,0.03,0.5
0.080,-7.6,0.357,0.03,-0.2
0.100,-7.5,0.358,0.02,-0.8
0.120,-7.5,0.358,0.00,-1.8
0.140,-7.5,0.358,-0.05,0.3
0.160,-7.5,0.356,0.01,3.1
0.180,-7.4,0.358,0.07,-1.6
0.200,-7.4,0.359,-0.06,-3.7
0.220,-7.5,0.356,-0.08,1.5
0.240,-7.5,0.356,0.01,-3.3
0.260,-7.5,0.356,-0.21,-4.1
0.280,-7.4,0.347,-0.16,18.4
0.300,-6.9,0.350,0.53,12.6
0.320,-6.2,0.368,0.35,-14.5
0.340,-5.3,0.364,-0.05,-6.1
0.360,-3.5,0.366,0.10,1.4
0.380,-1.4,0.368,-3.63E-4,-6.8
0.400,0.2,0.366,-0.17,-0.4
0.420,0.8,0.361,-0.02,6.1
0.440,1.9,0.365,0.07,-1.4
0.460,1.3,0.364,-0.07,-3.5
0.480,0.8,0.362,-0.07,0.7
0.500,0.6,0.361,-0.05,0.0
0.520,-0.9,0.361,-0.07,-1.4
0.540,-1.7,0.358,-0.10,1.5
0.560,-3.6,0.356,-0.01,5.3
0.580,-4.3,0.358,0.11,3.2
0.600,-5.8,0.361,0.12,-1.5
0.620,-6.2,0.363,0.05,-1.1
0.640,-5.2,0.363,0.08,-0.6
0.660,-4.6,0.366,0.02,-4.0
0.680,-1.5,0.363,-0.08,0.3
0.700,-1.1,0.362,0.03,8.0
0.720,0.0,0.365,0.23,43.7
0.740,0.8,0.372,1.78,39.8
0.760,0.8,0.436,1.83,-38.6
0.780,0.8,0.445,0.24,-46.8
0.800,0.7,0.445,-0.05,-14.7
0.820,-0.2,0.443,-0.35,-13.3
0.840,-1.7,0.431,-0.58,-9.0
0.860,-1.8,0.420,-0.71,-11.5
0.880,-3.3,0.403,-1.04,20.2
0.900,-4.8,0.379,0.09,24.8
0.920,-5.9,0.407,-0.05,-5.7
0.940,-4.6,0.377,-0.13,31.0
0.960,-4.5,0.401,1.19,34.9
0.980,-2.6,0.424,1.26,-17.7
1.000,-2.1,0.452,0.49,-34.5
1.020,-1.8,0.444,-0.12,-11.8
1.040,0.6,0.447,0.01,1.5
1.060,0.6,0.444,-0.05,-1.8
1.080,0.6,0.445,-0.06,-5.3
1.100,0.6,0.442,-0.27,-7.2
1.120,-0.1,0.434,-0.35,-3.9
1.140,-0.7,0.428,-0.42,-11.8
1.160,-2.5,0.418,-0.82,-5.6
1.180,-2.9,0.395,-0.64,13.1
1.200,-4.7,0.392,-0.29,13.4
1.220,-5.2,0.384,-0.11,13.1
1.240,-4.6,0.387,0.23,11.7
1.260,-4.7,0.393,0.36,7.3
1.280,-2.9,0.402,0.52,1.9
1.300,-1.3,0.413,0.44,-4.3
1.320,-0.6,0.419,0.35,-2.4
1.340,0.5,0.427,0.34,-6.6
1.360,0.6,0.433,0.08,-9.2
1.380,0.4,0.431,-0.02,-4.5
1.400,0.1,0.432,-0.10,-7.8
1.420,-0.4,0.427,-0.34,-8.8
1.440,-0.6,0.419,-0.45,-7.6
1.460,-2.4,0.409,-0.64,-1.6
1.480,-3.6,0.393,-0.52,10.3
1.500,-4.1,0.388,-0.23,10.7
1.520,-4.7,0.384,-0.09,10.2
1.540,-4.3,0.385,0.18,13.0
1.560,-4.0,0.391,0.43,6.5
1.580,-2.2,0.402,0.44,-0.9
1.600,-1.8,0.409,0.40,-0.7
1.620,-0.6,0.418,0.41,-2.9
1.640,0.4,0.425,0.28,-7.1
1.660,0.6,0.429,0.13,-6.8
1.680,0.0,0.430,0.01,-6.5
1.700,0.2,0.430,-0.13,-9.0
1.720,-0.1,0.425,-0.35,-9.4
1.740,-1.4,0.416,-0.51,-3.4
1.760,-2.4,0.404,-0.48,6.4
1.780,-3.4,0.397,-0.25,7.6
1.800,-4.5,0.394,-0.18,4.5
1.820,-4.6,0.390,-0.07,9.1
1.840,-4.3,0.391,0.18,12.7
1.860,-3.6,0.397,0.43,7.5
1.880,-3.0,0.409,0.49,-2.7
1.900,-1.8,0.416,0.32,-3.1
1.920,-0.5,0.422,0.36,1.5
1.940,0.1,0.431,0.38,1.7
1.960,0.3,0.437,0.43,28.1
1.980,0.1,0.448,1.51,19.2
2.000,-0.3,0.497,1.20,-44.5
2.020,-0.6,0.496,-0.27,-46.2
2.040,-1.3,0.486,-0.65,-33.4
2.060,-2.5,0.470,-1.61,-24.0
2.080,-3.0,0.422,-1.61,26.1
2.100,-4.0,0.406,-0.56,37.0
2.120,-4.4,0.399,-0.13,19.0
2.140,-3.8,0.401,0.20,13.9
2.160,-3.5,0.407,0.43,5.5
2.180,-2.7,0.418,0.42,-6.0
2.200,-1.9,0.424,0.19,-7.0
2.220,-0.8,0.425,0.14,-1.9
2.240,-0.6,0.429,0.11,-4.8
2.260,0.3,0.430,-0.06,-5.2
2.280,-0.3,0.427,-0.09,-1.4
2.300,-0.6,0.426,-0.12,-4.1
2.320,-1.2,0.423,-0.26,-7.1
2.340,-1.8,0.416,-0.40,-4.6
2.360,-2.5,0.407,-0.44,1.7
2.380,-2.6,0.398,-0.33,7.2
2.400,-3.7,0.393,-0.15,7.9
2.420,-3.5,0.392,-0.01,7.6
2.440,-3.2,0.393,0.15,6.2
2.460,-3.0,0.398,0.23,4.9
2.480,-2.9,0.402,0.34,6.7
2.500,-1.7,0.411,0.50,-0.9
2.520,-1.4,0.422,0.31,-11.2
2.540,-0.8,0.424,0.05,-5.0
2.560,0.1,0.424,0.11,-2.3
2.580,-0.1,0.428,-0.04,-9.6
2.600,-0.7,0.423,-0.28,-5.5
2.620,-0.7,0.417,-0.26,-1.7
2.640,-1.1,0.413,-0.34,-2.9
2.660,-2.5,0.403,-0.38,1.3
2.680,-2.8,0.398,-0.29,5.3
2.700,-3.9,0.392,-0.16,6.5
2.720,-3.9,0.391,-0.03,7.3
2.740,-3.7,0.390,0.13,8.1
2.760,-3.2,0.396,0.29,6.0
2.780,-2.5,0.402,0.37,2.6
2.800,-1.5,0.411,0.39,-0.8
2.820,-0.8,0.418,0.33,-2.8
2.840,-0.4,0.424,0.28,-5.0
2.860,-0.3,0.429,0.14,-7.9
2.880,-0.4,0.430,-0.03,-9.3
2.900,-0.6,0.428,-0.24,-6.3
2.920,-0.7,0.420,-0.28,-0.2
2.940,-1.6,0.417,-0.25,-0.3
2.960,-2.8,0.410,-0.29,4.9
2.980,-3.2,0.405,-0.05,11.9
3.000,-4.0,0.408,0.18,11.8
3.020,-3.7,0.412,0.42,10.4
3.040,-3.4,0.425,0.60,-9.4
3.060,-2.9,0.436,0.05,-23.4
3.080,-2.4,0.427,-0.34,-0.7
3.100,-1.1,0.423,0.02,12.4
3.120,-0.8,0.428,0.16,1.3
3.140,-0.6,0.429,0.07,-2.8
3.160,-0.3,0.430,0.05,-1.7
3.180,-0.3,0.431,5.48E-4,-4.8
3.200,-1.0,0.430,-0.15,-7.1
3.220,-1.2,0.425,-0.28,-6.4
3.240,-1.9,0.419,-0.40,-2.8
3.260,-2.5,0.409,-0.39,2.6
3.280,-3.3,0.404,-0.30,5.8
3.300,-3.5,0.398,-0.16,6.7
3.320,-3.5,0.397,-0.03,8.2
3.340,-3.4,0.396,0.16,8.6
3.360,-2.9,0.404,0.32,3.9
3.380,-2.2,0.409,0.32,0.1
3.400,-1.4,0.416,0.32,-3.7
3.420,-1.1,0.422,0.17,-6.4
3.440,-0.6,0.423,0.07,-4.9
3.460,-0.1,0.425,-0.03,-4.1
3.480,-0.5,0.422,-0.10,-3.8
3.500,-0.5,0.421,-0.18,-5.5
3.520,-1.1,0.415,-0.32,-5.7
3.540,-2.1,0.408,-0.40,0.8
3.560,-2.8,0.399,-0.28,7.1
3.580,-3.3,0.397,-0.12,6.1
3.600,-3.6,0.394,-0.04,4.1
3.620,-3.6,0.395,0.04,4.4
3.640,-3.2,0.396,0.14,5.9
3.660,-2.6,0.401,0.28,4.9
3.680,-1.9,0.407,0.33,0.7
3.700,-1.1,0.414,0.31,-2.9
3.720,-0.9,0.419,0.22,-5.0
3.740,-0.5,0.423,0.11,-4.7
3.760,-0.2,0.423,0.03,-5.2
3.780,-0.5,0.424,-0.10,-8.7
3.800,-0.8,0.419,-0.32,-7.1
3.820,-1.5,0.411,-0.38,1.7
3.840,-2.0,0.404,-0.25,4.5
3.860,-2.9,0.401,-0.20,3.0
3.880,-3.4,0.396,-0.13,5.6
3.900,-3.8,0.396,0.02,6.8
3.920,-3.6,0.397,0.14,5.6
3.940,-3.1,0.401,0.25,4.3
3.960,-2.6,0.407,0.31,2.0
3.980,-1.9,0.414,0.33,-0.8
4.000,-1.1,0.420,0.28,-3.0
4.020,-0.7,0.425,0.21,-3.3
4.040,-0.3,0.428,0.15,-2.5
4.060,-0.3,0.431,0.11,-5.5
4.080,-0.5,0.432,-0.07,-7.0
4.100,-1.1,0.428,-0.18,-3.2
4.120,-1.5,0.425,-0.20,-0.2
4.140,-2.4,0.420,-0.18,-0.6
4.160,-3.2,0.418,-0.22,-3.1
4.180,-3.6,0.411,-0.31,1.4
4.200,-3.9,0.406,-0.17,9.0
4.220,-3.4,0.404,0.06,9.4
4.240,-2.9,0.408,0.21,4.9
4.260,-2.2,0.413,0.25,-0.3
4.280,-1.6,0.418,0.20,-2.7
4.300,-0.9,0.421,0.14,-2.2
4.320,-0.6,0.424,0.11,-3.6
4.340,-0.4,0.425,0.00,-7.0
4.360,-0.5,0.424,-0.17,-5.2
4.380,-0.6,0.418,-0.21,-1.2
4.400,-1.3,0.416,-0.22,-2.7
4.420,-1.9,0.409,-0.31,-3.2
4.440,-2.8,0.403,-0.35,1.5
4.460,-3.3,0.396,-0.25,7.3
4.480,-3.6,0.393,-0.06,8.4
4.500,-3.4,0.393,0.08,6.3
4.520,-3.0,0.396,0.20,4.5
4.540,-2.7,0.401,0.26,3.0
4.560,-1.9,0.407,0.32,-0.4
4.580,-1.3,0.414,0.25,-2.8
4.600,-0.7,0.417,0.20,-3.7
4.620,-0.6,0.422,0.10,-6.7
4.640,-0.5,0.421,-0.07,-5.6
4.660,-0.6,0.420,-0.12,-4.4
4.680,-0.9,0.416,-0.24,0.9
4.700,-1.4,0.410,-0.09,-0.7
4.720,-2.0,0.412,-0.27,-8.7
4.740,-2.7,0.399,-0.44,2.7
4.760,-3.3,0.395,-0.16,10.1
4.780,-3.4,0.393,-0.03,6.3
4.800,-3.2,0.394,0.09,5.7
4.820,-3.1,0.397,0.19,4.2
4.840,-2.5,0.401,0.26,2.4
4.860,-1.9,0.407,0.29,-0.3
4.880,-1.3,0.413,0.25,-1.3
4.900,-0.7,0.417,0.24,-2.9
4.920,-0.7,0.422,0.13,-6.3
4.940,-0.5,0.422,-0.01,-5.6
4.960,-0.6,0.422,-0.09,-4.8
4.980,-0.9,0.419,-0.20,-2.3
5.000,-1.6,0.414,-0.19,1.0
5.020,-2.5,0.411,-0.16,0.4
5.040,-2.9,0.407,-0.17,2.1
5.060,-3.5,0.405,-0.08,5.4
5.080,-3.6,0.404,0.05,7.8
5.100,-3.3,0.406,0.23,6.7
5.120,-2.9,0.413,0.31,0.8
5.140,-2.2,0.419,0.26,-1.8
5.160,-1.6,0.424,0.24,-1.7
5.180,-0.9,0.428,0.19,-2.9
5.200,-0.7,0.432,0.12,-6.2
5.220,-0.6,0.433,-0.05,-7.2
5.240,-0.5,0.429,-0.17,-3.6
5.260,-0.8,0.427,-0.20,-2.7
5.280,-1.3,0.422,-0.27,-2.6
5.300,-2.0,0.416,-0.30,-0.1
5.320,-2.6,0.409,-0.28,3.0
5.340,-3.2,0.405,-0.18,3.5
5.360,-3.4,0.402,-0.14,3.9
5.380,-3.3,0.399,-0.03,6.7
5.400,-3.1,0.401,0.13,5.6
5.420,-2.7,0.405,0.20,2.1
5.440,-2.0,0.409,0.22,0.4
5.460,-1.5,0.413,0.21,-1.3
5.480,-1.1,0.417,0.17,-2.8
5.500,-0.8,0.420,0.10,-4.0
5.520,-0.6,0.421,0.01,-5.2
5.540,-0.7,0.420,-0.11,-5.2
5.560,-0.9,0.417,-0.20,-2.4
5.580,-1.4,0.412,-0.20,-1.9
5.600,-2.1,0.409,-0.28,-2.7
5.620,-2.6,0.401,-0.31,3.0
5.640,-3.1,0.397,-0.16,6.8
5.660,-3.2,0.395,-0.04,7.7
5.680,-3.2,0.395,0.15,7.0
5.700,-2.9,0.401,0.24,1.2
5.720,-2.4,0.405,0.20,-1.0
5.740,-1.9,0.409,0.20,0.1
5.760,-1.3,0.413,0.20,3.7
5.780,-1.0,0.417,0.35,-3.3
5.800,-0.7,0.427,0.07,-14.5
5.820,-0.5,0.420,-0.23,-5.6
5.840,-0.7,0.418,-0.15,0.3
5.860,-1.1,0.414,-0.22,-2.9
5.880,-1.7,0.409,-0.27,0.7
5.900,-2.2,0.403,-0.19,3.2
5.920,-2.9,0.401,-0.14,2.1
5.940,-3.3,0.398,-0.11,4.3
5.960,-3.4,0.397,0.03,6.6
5.980,-3.2,0.399,0.16,5.2
6.000,-2.8,0.403,0.24,2.6
6.020,-2.3,0.408,0.26,0.6
6.040,-1.7,0.414,0.26,-0.7
6.060,-1.2,0.419,0.23,-2.7
6.080,-0.8,0.423,0.16,-3.0
6.100,-0.6,0.425,0.11,-3.7
6.120,-0.6,0.428,0.01,-6.5
6.140,-0.9,0.426,-0.15,-5.6
6.160,-1.3,0.422,-0.21,0.0
6.180,-1.9,0.417,-0.15,4.4
6.200,-2.5,0.416,-0.04,1.9
6.220,-3.1,0.415,-0.07,-2.9
6.240,-3.4,0.413,-0.16,0.4
6.260,-3.3,0.409,-0.06,5.3
6.280,-3.0,0.411,0.06,4.3
6.300,-2.6,0.411,0.11,2.0
6.320,-2.0,0.415,0.14,0.3
6.340,-1.4,0.417,0.13,0.0
6.360,-1.0,0.420,0.14,-1.7
6.380,-0.8,0.422,0.06,-4.6
6.400,-0.8,0.423,-0.05,-5.0
6.420,-0.8,0.421,-0.14,-3.7
6.440,-1.1,0.417,-0.20,-2.5
6.460,-1.6,0.413,-0.24,-2.9
6.480,-2.2,0.408,-0.31,-1.0
6.500,-2.7,0.400,-0.28,4.9
6.520,-3.2,0.397,-0.12,6.6
6.540,-3.3,0.396,-0.01,5.4
6.560,-3.0,0.396,0.10,4.9
6.580,-2.7,0.399,0.19,3.3
6.600,-2.3,0.404,0.23,2.5
6.620,-1.7,0.409,0.29,0.6
6.640,-1.2,0.415,0.25,-3.7
6.660,-0.9,0.419,0.14,-5.2
6.680,-0.7,0.421,0.04,-6.3
6.700,-0.7,0.420,-0.11,-6.1
6.720,-0.8,0.416,-0.20,-1.3
6.740,-1.2,0.412,-0.16,-0.4
6.760,-1.7,0.410,-0.22,-2.6
6.780,-2.3,0.404,-0.27,0.7
6.800,-2.8,0.399,-0.19,4.4
6.820,-3.2,0.396,-0.09,5.2
6.840,-3.2,0.395,0.02,5.2
6.860,-2.9,0.397,0.12,4.4
6.880,-2.7,0.400,0.19,2.8
6.900,-2.2,0.404,0.23,0.9
6.920,-1.6,0.409,0.23,-1.1
6.940,-1.2,0.413,0.19,-1.0
6.960,-0.8,0.417,0.19,-2.3
6.980,-0.8,0.421,0.09,-6.5
7.000,-0.8,0.420,-0.07,-5.9
7.020,-1.0,0.418,-0.14,-3.0
7.040,-1.4,0.414,-0.19,-0.1
7.060,-2.0,0.410,-0.15,2.0
7.080,-2.5,0.408,-0.11,1.1
7.100,-3.0,0.406,-0.10,2.2
7.120,-3.4,0.404,-0.02,4.8
7.140,-3.2,0.405,0.09,5.2
7.160,-2.9,0.408,0.18,3.1
7.180,-2.5,0.412,0.22,0.7
7.200,-1.9,0.417,0.21,-0.5
7.220,-1.4,0.421,0.20,-1.5
7.240,-1.0,0.424,0.15,-3.3
7.260,-0.8,0.427,0.06,-5.0
7.280,-0.8,0.427,-0.05,-4.8
7.300,-0.9,0.425,-0.13,-3.8
7.320,-1.1,0.422,-0.20,-2.9
7.340,-1.6,0.417,-0.25,-1.1
7.360,-2.2,0.412,-0.24,1.3
7.380,-2.8,0.407,-0.20,1.9
7.400,-3.1,0.404,-0.17,2.7
7.420,-3.2,0.400,-0.09,5.8
7.440,-3.0,0.401,0.06,5.9
7.460,-2.7,0.403,0.15,1.8
7.480,-2.2,0.407,0.14,0.1
7.500,-1.7,0.408,0.15,1.2
7.520,-1.3,0.413,0.18,-1.0
7.540,-1.0,0.416,0.11,-3.8
7.560,-0.8,0.417,0.03,-4.5
7.580,-0.9,0.417,-0.07,-4.6
7.600,-1.0,0.415,-0.15,-3.2
7.620,-1.3,0.411,-0.20,-1.3
7.640,-1.8,0.407,-0.20,0.3
7.660,-2.3,0.403,-0.19,3.0
7.680,-2.7,0.399,-0.08,2.5
7.700,-3.0,0.400,-0.09,2.2
7.720,-3.0,0.396,0.01,5.4
7.740,-2.8,0.400,0.13,2.5
7.760,-2.5,0.401,0.11,1.4
7.780,-2.0,0.404,0.18,2.1
7.800,-1.5,0.408,0.19,-0.9
7.820,-1.2,0.412,0.15,-2.7
7.840,-0.9,0.414,0.08,-3.8
7.860,-0.8,0.415,0.00,-4.2
7.880,-0.9,0.414,-0.09,-4.1
7.900,-1.1,0.412,-0.17,-2.7
7.920,-1.4,0.408,-0.19,-0.9
7.940,-2.1,0.404,-0.20,0.0
7.960,-2.6,0.399,-0.19,2.2
7.980,-2.9,0.396,-0.12,4.1
8.000,-3.1,0.395,-0.03,4.5
8.020,-3.0,0.395,0.06,4.5
8.040,-2.8,0.397,0.15,3.5
8.060,-2.4,0.401,0.21,2.0
8.080,-1.9,0.405,0.23,-0.3
8.100,-1.5,0.410,0.19,-1.2
8.120,-1.1,0.413,0.18,-2.1
8.140,-0.8,0.417,0.11,-6.0
8.160,-0.8,0.418,-0.06,-6.5
8.180,-1.0,0.414,-0.15,-2.5
8.200,-1.2,0.412,-0.17,-1.5
8.220,-1.7,0.408,-0.21,0.2
8.240,-2.2,0.403,-0.16,2.4
8.260,-2.7,0.401,-0.11,1.8
8.280,-3.0,0.399,-0.09,3.0
8.300,-3.2,0.398,0.01,3.5
8.320,-3.0,0.399,0.05,2.6
8.340,-2.7,0.400,0.11,3.4
8.360,-2.2,0.403,0.19,2.0
8.380,-1.7,0.408,0.19,-0.7
8.400,-1.3,0.411,0.16,-1.8
8.420,-1.1,0.414,0.12,-3.4
8.440,-0.8,0.416,0.03,-4.6
8.460,-0.9,0.415,-0.07,-4.3
8.480,-1.1,0.413,-0.14,-3.2
8.500,-1.4,0.409,-0.20,-1.7
8.520,-1.9,0.405,-0.21,0.2
8.540,-2.5,0.401,-0.19,2.0
8.560,-2.9,0.398,-0.13,3.6
8.580,-3.0,0.396,-0.04,5.0
8.600,-3.0,0.396,0.06,4.7
8.620,-2.7,0.398,0.14,4.7
8.640,-2.4,0.402,0.25,1.1
8.660,-2.0,0.408,0.19,-3.6
8.680,-1.5,0.409,0.11,-1.1
8.700,-1.1,0.413,0.15,-0.8
8.720,-1.0,0.415,0.08,-3.7
8.740,-0.8,0.416,0.00,-4.1
8.760,-0.9,0.415,-0.09,-3.9
8.780,-1.2,0.412,-0.16,-3.0
8.800,-1.5,0.408,-0.21,-1.2
8.820,-2.0,0.404,-0.21,2.8
8.840,-2.5,0.400,-0.09,2.9
8.860,-2.9,0.400,-0.09,0.4
8.880,-2.9,0.396,-0.08,3.7
8.900,-2.9,0.397,0.06,5.1
8.920,-2.7,0.399,0.12,2.9
8.940,-2.3,0.402,0.17,1.5
8.960,-1.8,0.406,0.18,0.0
8.980,-1.5,0.409,0.17,-1.5
9.000,-1.1,0.412,0.12,-3.2
9.020,-1.0,0.414,0.04,-3.9
9.040,-0.9,0.414,-0.03,-3.8
9.060,-1.1,0.413,-0.11,-3.3
9.080,-1.3,0.410,-0.16,-2.7
9.100,-1.8,0.406,-0.22,-1.0
9.120,-2.2,0.401,-0.21,2.0
9.140,-2.7,0.398,-0.14,5.3
9.160,-3.0,0.396,0.00,5.8
9.180,-3.0,0.398,0.10,1.4
9.200,-2.9,0.399,0.06,2.0
9.220,-2.6,0.400,0.18,5.0
9.240,-2.2,0.407,0.26,0.4
9.260,-1.6,0.411,0.19,-2.6
9.280,-1.3,0.414,0.15,-2.6
9.300,-1.0,0.417,0.09,-4.9
9.320,-0.9,0.418,-0.04,-4.2
9.340,-0.9,0.415,-0.08,-1.3
9.360,-1.2,0.415,-0.09,-3.7
9.380,-1.5,0.411,-0.23,-4.0
9.400,-2.0,0.405,-0.25,1.2
9.420,-2.5,0.401,-0.18,3.0
9.440,-2.9,0.398,-0.13,3.2
9.460,-3.0,0.396,-0.05,4.4
9.480,-2.9,0.396,0.05,4.7
9.500,-2.7,0.398,0.14,3.3
9.520,-2.4,0.402,0.18,1.2
9.540,-2.0,0.405,0.18,-0.3
9.560,-1.5,0.409,0.17,-1.2
9.580,-1.2,0.412,0.13,-2.8
9.600,-1.0,0.414,0.06,-2.7
9.620,-1.0,0.414,0.02,-4.1
9.640,-1.1,0.415,-0.11,-5.8
9.660,-1.3,0.410,-0.21,-1.8
9.680,-1.7,0.407,-0.18,1.4
9.700,-2.2,0.403,-0.15,1.5
9.720,-2.5,0.401,-0.12,1.5
9.740,-2.8,0.398,-0.09,2.7
9.760,-2.8,0.397,-0.01,4.3
9.780,-2.7,0.398,0.08,3.7
9.800,-2.5,0.400,0.14,2.2
9.820,-2.2,0.404,0.17,0.8
9.840,-1.7,0.407,0.17,-0.7
9.860,-1.3,0.411,0.15,-2.1
9.880,-1.1,0.413,0.09,-3.1
9.900,-1.0,0.414,0.02,-3.3
9.920,-1.0,0.414,-0.04,-3.3
9.940,-1.1,0.412,-0.11,-3.2
9.960,-1.4,0.409,-0.17,-2.0
9.980,-1.8,0.406,-0.19,-0.4
10.000,-2.3,0.402,-0.19,1.4
10.020,-2.7,0.398,-0.14,3.3
10.040,-2.9,0.396,-0.06,4.1
10.060,-2.9,0.396,0.03,4.1
10.080,-2.8,0.397,0.11,3.9
10.100,-2.5,0.400,0.18,2.3
10.120,-2.0,0.404,0.20,-0.1
10.140,-1.6,0.408,0.17,-1.5
10.160,-1.3,0.411,0.14,-0.9
10.180,-1.1,0.414,0.14,-3.0
10.200,-1.0,0.417,0.02,-5.9
10.220,-1.0,0.414,-0.10,-2.3
10.240,-1.1,0.413,-0.07,-0.8
10.260,-1.6,0.411,-0.13,-4.0
10.280,-2.1,0.407,-0.24,-1.4
10.300,-2.5,0.402,-0.19,4.7
10.320,-2.8,0.400,-0.05,3.9
10.340,-2.9,0.400,-0.03,1.5
10.360,-2.9,0.399,0.01,5.3
10.380,-2.7,0.401,0.18,5.2
10.400,-2.2,0.406,0.22,-1.4
10.420,-1.9,0.409,0.12,-3.3
10.440,-1.5,0.411,0.09,-0.7
10.460,-1.2,0.413,0.09,-1.5
10.480,-1.1,0.414,0.03,-3.3
10.500,-1.0,0.414,-0.04,-3.5
10.520,-1.1,0.413,-0.11,-3.1
10.540,-1.3,0.410,-0.16,-1.8
10.560,-1.9,0.406,-0.18,-0.2
10.580,-2.2,0.403,-0.17,1.3
10.600,-2.6,0.399,-0.13,2.7
10.620,-2.9,0.398,-0.06,3.8
10.640,-2.9,0.397,0.02,3.8
10.660,-2.7,0.398,0.09,3.1
10.680,-2.5,0.401,0.15,1.8
10.700,-2.1,0.404,0.16,0.3
10.720,-1.7,0.407,0.16,-0.6
10.740,-1.4,0.410,0.14,-1.6
10.760,-1.1,0.413,0.09,-2.9
10.780,-1.0,0.414,0.03,-3.4
10.800,-1.0,0.414,-0.05,-3.6
10.820,-1.2,0.412,-0.12,-2.9
10.840,-1.4,0.409,-0.16,-1.6
10.860,-1.9,0.406,-0.18,0.0
10.880,-2.3,0.402,-0.16,2.1
10.900,-2.6,0.399,-0.10,3.1
10.920,-2.8,0.398,-0.04,5.0
10.940,-2.8,0.398,0.10,3.1
10.960,-2.6,0.402,0.09,-1.1
10.980,-2.3,0.401,0.06,3.2
11.000,-2.0,0.404,0.22,5.6
11.020,-1.6,0.410,0.28,-3.4
11.040,-1.3,0.415,0.08,-8.1
11.060,-1.1,0.413,-0.04,-2.2
11.080,-1.0,0.414,-0.01,-0.8
11.100,-1.1,0.413,-0.08,-3.2
11.120,-1.3,0.410,-0.14,-2.3
11.140,-1.7,0.407,-0.17,-1.0
11.160,-2.1,0.404,-0.17,1.0
11.180,-2.5,0.400,-0.13,2.8
11.200,-2.8,0.398,-0.06,3.5
11.220,-2.9,0.398,0.01,3.7
11.240,-2.9,0.399,0.08,4.5
11.260,-2.6,0.401,0.19,1.8
11.280,-2.2,0.406,0.16,-1.9
11.300,-1.8,0.407,0.11,1.1
11.320,-1.4,0.410,0.20,-0.3
11.340,-1.1,0.415,0.10,-4.4
11.360,-1.0,0.414,0.02,-2.3
11.380,-1.1,0.416,0.01,-4.2
11.400,-1.2,0.415,-0.14,-5.1
11.420,-1.5,0.410,-0.20,0.3
11.440,-1.8,0.407,-0.13,0.4
11.460,-2.3,0.405,-0.18,-1.5
11.480,-2.6,0.400,-0.19,4.6
11.500,-2.9,0.398,0.00,5.9
11.520,-2.8,0.400,0.04,1.0
11.540,-2.7,0.399,0.04,2.3
11.560,-2.3,0.401,0.14,2.9
11.580,-2.1,0.405,0.16,0.3
11.600,-1.7,0.408,0.15,-1.1
11.620,-1.3,0.411,0.12,-2.2
11.640,-1.1,0.412,0.06,-2.9
11.660,-1.1,0.413,-1.76E-4,-3.2
11.680,-1.2,0.412,-0.07,-3.0
11.700,-1.3,0.410,-0.12,-1.9
11.720,-1.6,0.408,-0.15,-0.9
11.740,-2.0,0.404,-0.16,0.3
11.760,-2.4,0.401,-0.14,3.4
11.780,-2.7,0.399,-0.02,3.0
11.800,-2.8,0.401,-0.01,0.7
11.820,-2.7,0.398,0.01,5.3
11.840,-2.5,0.401,0.20,3.7
11.860,-2.1,0.406,0.15,-2.5
11.880,-1.8,0.407,0.10,-0.4
11.900,-1.4,0.410,0.14,-0.2
11.920,-1.2,0.412,0.09,-2.5
11.940,-1.1,0.414,0.03,-3.2
11.960,-1.2,0.414,-0.04,-3.6
11.980,-1.2,0.412,-0.11,-1.2
12.000,-1.4,0.409,-0.09,-1.2
12.020,-1.8,0.409,-0.16,-3.0
12.040,-2.1,0.403,-0.21,0.8
12.060,-2.5,0.400,-0.12,3.5
12.080,-2.7,0.398,-0.07,3.3
12.100,-2.8,0.398,0.01,3.6
12.120,-2.7,0.399,0.07,3.0
12.140,-2.5,0.401,0.13,2.1
12.160,-2.1,0.404,0.16,0.7
12.180,-1.8,0.407,0.16,-0.8
12.200,-1.4,0.410,0.13,-2.2
12.220,-1.2,0.412,0.07,-1.6
12.240,-1.1,0.413,0.06,-2.8
12.260,-1.2,0.415,-0.04,-5.3
12.280,-1.3,0.411,-0.15,-2.5
12.300,-1.5,0.409,-0.14,0.0
12.320,-2.0,0.405,-0.15,0.4
12.340,-2.3,0.402,-0.13,1.7
12.360,-2.6,0.400,-0.09,2.5
12.380,-2.8,0.399,-0.03,3.2
12.400,-2.8,0.399,0.04,3.2
12.420,-2.6,0.401,0.10,2.3
12.440,-2.3,0.403,0.13,2.4
12.460,-1.9,0.406,0.20,-0.1
12.480,-1.6,0.411,0.13,-4.0
12.500,-1.3,0.411,0.04,-1.2
12.520,-1.2,0.413,0.08,-1.3
12.540,-1.1,0.415,-0.02,-5.2
12.560,-1.2,0.412,-0.12,-3.0
12.580,-1.4,0.410,-0.14,-1.0
12.600,-1.8,0.407,-0.16,-0.5
12.620,-2.2,0.403,-0.16,1.1
12.640,-2.5,0.400,-0.12,2.3
12.660,-2.7,0.398,-0.06,3.1
12.680,-2.8,0.398,0.00,3.6
12.700,-2.7,0.399,0.08,3.2
12.720,-2.5,0.401,0.13,1.6
12.740,-2.1,0.404,0.14,1.6
12.760,-1.7,0.407,0.20,-0.4
12.780,-1.4,0.412,0.13,-4.3
12.800,-1.3,0.412,0.03,-2.5
12.820,-1.2,0.413,0.02,-1.4
12.840,-1.2,0.413,-0.03,-2.8
12.860,-1.3,0.412,-0.09,-2.5
12.880,-1.5,0.409,-0.13,-1.5
12.900,-1.8,0.406,-0.15,0.2
12.920,-2.2,0.403,-0.13,1.3
12.940,-2.5,0.401,-0.10,1.9
12.960,-2.6,0.399,-0.05,2.8
12.980,-2.6,0.399,0.01,2.8
13.000,-2.5,0.400,0.06,2.3
13.020,-2.3,0.402,0.11,1.6
13.040,-2.0,0.404,0.12,2.7
13.060,-1.7,0.407,0.22,0.1
13.080,-1.4,0.413,0.13,-5.7
13.100,-1.3,0.412,-0.01,-3.3
13.120,-1.2,0.412,0.00,-1.3
13.140,-1.2,0.412,-0.07,-2.7
13.160,-1.3,0.410,-0.11,-2.0
13.180,-1.6,0.407,-0.15,-0.8
13.200,-2.1,0.404,-0.15,0.6
13.220,-2.4,0.401,-0.12,1.8
13.240,-2.7,0.399,-0.08,2.8
13.260,-2.7,0.398,-0.01,3.5
13.280,-2.7,0.398,0.06,4.6
13.300,-2.5,0.400,0.17,3.1
13.320,-2.2,0.405,0.19,-0.6
13.340,-1.9,0.408,0.15,-2.7
13.360,-1.5,0.411,0.08,-1.3
13.380,-1.3,0.411,0.09,0.4
13.400,-1.2,0.415,0.10,-2.6
13.420,-1.2,0.415,-0.01,-4.3
13.440,-1.3,0.414,-0.07,-3.1
13.460,-1.5,0.412,-0.13,-3.1
13.480,-1.8,0.409,-0.20,-1.5
13.500,-2.2,0.404,-0.19,2.0
13.520,-2.5,0.401,-0.12,3.1
13.540,-2.7,0.399,-0.07,4.4
13.560,-2.7,0.399,0.05,3.6
13.580,-2.6,0.402,0.07,0.3
13.600,-2.4,0.401,0.07,1.5
13.620,-2.1,0.404,0.13,1.4
13.640,-1.8,0.407,0.12,-0.8
13.660,-1.5,0.409,0.10,-1.1
13.680,-1.3,0.411,0.08,-2.0
13.700,-1.2,0.412,0.02,-3.2
13.720,-1.2,0.412,-0.05,-3.2
13.740,-1.4,0.410,-0.11,-1.9
13.760,-1.7,0.407,-0.13,-0.5
13.780,-2.0,0.405,-0.13,0.4
13.800,-2.2,0.402,-0.11,1.2
13.820,-2.5,0.400,-0.08,2.1
13.840,-2.7,0.399,-0.03,2.5
13.860,-2.6,0.399,0.03,3.1
13.880,-2.5,0.400,0.10,2.8
13.900,-2.2,0.403,0.14,1.2
13.920,-1.8,0.406,0.14,-0.3
13.940,-1.6,0.409,0.13,-1.2
13.960,-1.3,0.411,0.09,-2.1
13.980,-1.1,0.412,0.04,-2.9
14.000,-1.2,0.413,-0.02,-3.2
14.020,-1.2,0.412,-0.08,-2.6
14.040,-1.4,0.409,-0.13,-1.9
14.060,-1.7,0.406,-0.16,1.8
14.080,-2.1,0.403,-0.05,1.7
14.100,-2.4,0.404,-0.09,-2.3
14.120,-2.6,0.399,-0.15,2.1
14.140,-2.7,0.398,-0.01,5.0
14.160,-2.6,0.399,0.05,2.8
14.180,-2.4,0.401,0.11,2.0
14.200,-2.1,0.403,0.13,0.7
14.220,-1.8,0.406,0.13,-0.5
14.240,-1.5,0.409,0.11,-1.5
14.260,-1.3,0.411,0.08,-2.2
14.280,-1.2,0.412,0.02,-2.7
14.300,-1.3,0.411,-0.03,-2.6
14.320,-1.3,0.410,-0.08,-2.0
14.340,-1.6,0.408,-0.11,-0.2
14.360,-1.9,0.406,-0.09,-0.4
14.380,-2.2,0.405,-0.13,-1.1
14.400,-2.5,0.401,-0.13,2.6
14.420,-2.7,0.400,-0.02,5.6
14.440,-2.7,0.400,0.09,4.1
14.460,-2.5,0.403,0.14,0.6
14.480,-2.3,0.405,0.12,-0.2
14.500,-2.0,0.408,0.13,-1.2
14.520,-1.7,0.411,0.07,-1.2
14.540,-1.4,0.411,0.09,0.5
14.560,-1.3,0.414,0.09,-2.5
14.580,-1.2,0.414,-0.01,-4.7
14.600,-1.3,0.414,-0.10,-3.7
14.620,-1.4,0.410,-0.16,-1.2
14.640,-1.7,0.407,-0.15,0.4
14.660,-2.1,0.404,-0.14,0.7
14.680,-2.5,0.401,-0.12,1.9
14.700,-2.6,0.399,-0.07,2.9
14.720,-2.7,0.399,0.00,3.2
14.740,-2.6,0.399,0.06,2.9
14.760,-2.4,0.401,0.11,1.7
14.780,-2.2,0.404,0.13,0.5
14.800,-1.8,0.406,0.13,-0.6
14.820,-1.5,0.409,0.11,-0.2
14.840,-1.3,0.411,0.12,-2.2
14.860,-1.3,0.414,0.02,-5.2
14.880,-1.3,0.411,-0.09,-2.2
14.900,-1.4,0.410,-0.07,-0.5
14.920,-1.5,0.408,-0.11,-1.5
14.940,-1.8,0.406,-0.13,1.4
14.960,-2.1,0.403,-0.05,3.0
14.980,-2.4,0.404,-0.01,-1.3
15.000,-2.5,0.403,-0.10,-1.4
15.020,-2.5,0.400,-0.06,3.9
15.040,-2.4,0.400,0.05,4.0
15.060,-2.3,0.402,0.10,1.5
15.080,-2.0,0.404,0.11,0.3
15.100,-1.7,0.407,0.11,-0.6
15.120,-1.5,0.409,0.09,-0.8
15.140,-1.3,0.410,0.08,-1.5
15.160,-1.3,0.412,0.03,-3.3
15.180,-1.3,0.411,-0.06,-3.2
15.200,-1.3,0.410,-0.10,-1.8
15.220,-1.6,0.407,-0.13,-0.9
15.240,-2.0,0.404,-0.14,0.1
15.260,-2.3,0.402,-0.12,1.6
15.280,-2.6,0.399,-0.08,2.7
15.300,-2.7,0.399,-0.02,2.9
15.320,-2.7,0.399,0.04,2.7
15.340,-2.5,0.400,0.09,2.4
15.360,-2.3,0.402,0.14,1.4
15.380,-1.9,0.406,0.15,-0.6
15.400,-1.5,0.408,0.11,-1.7
15.420,-1.4,0.410,0.08,-1.7
15.440,-1.3,0.412,0.05,-2.3
15.460,-1.3,0.412,-0.01,-1.2
15.480,-1.3,0.411,0.00,-0.6
15.500,-1.5,0.412,-0.04,-3.3
15.520,-1.8,0.410,-0.13,-2.4
15.540,-2.2,0.407,-0.14,0.8
15.560,-2.4,0.404,-0.10,0.7
15.580,-2.7,0.402,-0.11,1.1
15.600,-2.6,0.400,-0.06,3.7
15.620,-2.6,0.400,0.04,5.3
15.640,-2.3,0.402,0.16,2.3
15.660,-2.1,0.406,0.13,-2.2
15.680,-1.8,0.407,0.07,-0.9
15.700,-1.5,0.409,0.10,-0.3
15.720,-1.4,0.411,0.05,-2.2
15.740,-1.3,0.411,0.01,-2.5
15.760,-1.3,0.411,-0.04,-2.4
15.780,-1.4,0.409,-0.09,-1.8
15.800,-1.6,0.407,-0.12,-0.9
15.820,-1.9,0.405,-0.13,0.2
15.840,-2.3,0.402,-0.11,1.1
15.860,-2.5,0.400,-0.08,2.0
15.880,-2.6,0.399,-0.03,3.0
15.900,-2.6,0.399,0.04,3.1
15.920,-2.5,0.401,0.09,1.8
15.940,-2.2,0.403,0.11,0.7
15.960,-1.9,0.405,0.12,0.3
15.980,-1.6,0.408,0.12,-0.6
16.000,-1.4,0.410,0.10,-1.9
16.020,-1.2,0.412,0.05,-2.8
16.040,-1.2,0.412,-0.01,-2.8
16.060,-1.3,0.411,-0.07,-2.4
16.080,-1.4,0.409,-0.11,-1.9
16.100,-1.7,0.407,-0.14,1.1
16.120,-2.0,0.404,-0.07,1.1
16.140,-2.3,0.404,-0.10,-1.6
16.160,-2.5,0.400,-0.13,2.2
16.180,-2.6,0.399,-0.01,4.6
16.200,-2.6,0.399,0.05,2.4
16.220,-2.4,0.401,0.09,1.5
16.240,-2.1,0.403,0.12,0.8
16.260,-1.8,0.406,0.12,-0.4
16.280,-1.5,0.408,0.10,-1.4
16.300,-1.4,0.410,0.07,-1.9
16.320,-1.3,0.411,0.02,-2.2
16.340,-1.3,0.411,-0.02,-2.5
16.360,-1.4,0.410,-0.08,-2.0
16.380,-1.6,0.408,-0.10,-1.1
16.400,-1.9,0.406,-0.12,-0.4
16.420,-2.2,0.403,-0.12,1.1
16.440,-2.5,0.401,-0.08,2.3
16.460,-2.6,0.400,-0.02,2.7
16.480,-2.6,0.400,0.03,2.7
16.500,-2.5,0.401,0.08,2.2
16.520,-2.3,0.403,0.12,1.2
16.540,-2.0,0.406,0.13,-0.2
16.560,-1.7,0.408,0.11,-1.1
16.580,-1.4,0.410,0.08,-1.8
16.600,-1.3,0.412,0.04,-2.5
16.620,-1.3,0.412,-0.02,-1.4
16.640,-1.3,0.411,-0.02,-0.7
16.660,-1.4,0.411,-0.04,-3.9
16.680,-1.8,0.409,-0.17,-3.6
16.700,-2.0,0.405,-0.19,1.3
16.720,-2.3,0.402,-0.12,3.0
16.740,-2.5,0.400,-0.07,2.7
16.760,-2.6,0.399,-0.01,2.8
16.780,-2.6,0.399,0.04,2.6
16.800,-2.4,0.401,0.09,1.9
16.820,-2.2,0.403,0.12,0.8
16.840,-1.8,0.406,0.13,-0.4
16.860,-1.6,0.408,0.11,-1.4
16.880,-1.4,0.410,0.07,-2.0
16.900,-1.3,0.411,0.02,-2.6
16.920,-1.3,0.411,-0.03,-2.5
16.940,-1.4,0.410,-0.08,-1.7
16.960,-1.5,0.408,-0.10,-0.1
16.980,-1.8,0.406,-0.08,0.4
17.000,-2.1,0.405,-0.09,-0.4
17.020,-2.3,0.402,-0.10,1.0
17.040,-2.4,0.401,-0.05,2.9
17.060,-2.5,0.400,0.02,2.9
17.080,-2.4,0.401,0.07,1.4
17.100,-2.2,0.403,0.08,0.5
17.120,-2.0,0.404,0.09,0.7
17.140,-1.7,0.407,0.10,-0.2
17.160,-1.5,0.409,0.08,0.5
17.180,-1.4,0.410,0.12,-1.6
17.200,-1.3,0.413,0.02,-5.7
17.220,-1.3,0.410,-0.10,-2.5
17.240,-1.4,0.409,-0.08,-0.4
17.260,-1.6,0.407,-0.12,-1.2
17.280,-2.0,0.405,-0.13,0.4
17.300,-2.2,0.402,-0.11,1.5
17.320,-2.5,0.400,-0.07,1.9
17.340,-2.6,0.399,-0.03,2.6
17.360,-2.6,0.399,0.03,2.8
17.380,-2.5,0.400,0.08,2.2
17.400,-2.3,0.403,0.12,1.0
17.420,-1.9,0.405,0.13,-0.3
17.440,-1.6,0.408,0.11,-1.2
17.460,-1.4,0.409,0.08,-1.6
17.480,-1.3,0.411,0.05,-2.0
17.500,-1.3,0.411,2.57E-4,-1.1
17.520,-1.3,0.411,0.00,-2.3
17.540,-1.5,0.411,-0.09,-4.2
17.560,-1.8,0.407,-0.17,-0.7
17.580,-2.1,0.405,-0.12,1.8
17.600,-2.4,0.402,-0.09,1.7
17.620,-2.6,0.401,-0.05,2.3
17.640,-2.6,0.400,0.00,2.4
17.660,-2.5,0.401,0.05,2.2
17.680,-2.3,0.402,0.08,1.8
17.700,-2.1,0.404,0.12,0.7
17.720,-1.8,0.407,0.11,-0.9
17.740,-1.5,0.409,0.08,-1.6
17.760,-1.4,0.410,0.05,-1.7
17.780,-1.3,0.411,0.01,-2.3
17.800,-1.3,0.410,-0.04,-2.4
17.820,-1.5,0.409,-0.08,-1.7
17.840,-1.7,0.407,-0.11,-0.7
17.860,-2.0,0.405,-0.11,0.1
17.880,-2.2,0.403,-0.10,0.9
17.900,-2.4,0.401,-0.08,2.0
17.920,-2.6,0.400,-0.03,2.8
17.940,-2.6,0.400,0.04,2.4
17.960,-2.4,0.401,0.07,3.4
17.980,-2.2,0.403,0.17,1.3
18.000,-1.9,0.408,0.12,-3.2
18.020,-1.6,0.408,0.04,-1.1
18.040,-1.4,0.409,0.08,0.0
18.060,-1.3,0.411,0.04,-2.1
18.080,-1.3,0.411,-0.01,-2.4
18.100,-1.3,0.410,-0.05,-2.2
18.120,-1.5,0.409,-0.09,-1.8
18.140,-1.8,0.407,-0.12,0.8
18.160,-2.0,0.404,-0.06,2.8
18.180,-2.2,0.404,-0.01,-0.8
18.200,-2.4,0.404,-0.10,-1.7
18.220,-2.5,0.400,-0.08,3.2
18.240,-2.5,0.400,0.03,4.1
18.260,-2.3,0.402,0.08,1.9
18.280,-2.1,0.404,0.11,0.6
18.300,-1.8,0.406,0.11,-0.4
18.320,-1.6,0.408,0.09,-1.3
18.340,-1.5,0.410,0.06,-1.8
18.360,-1.3,0.410,0.02,-2.0
18.380,-1.3,0.410,-0.02,-2.3
18.400,-1.4,0.409,-0.07,-2.0
18.420,-1.6,0.408,-0.10,-1.1
18.440,-1.9,0.405,-0.11,1.1
18.460,-2.2,0.403,-0.06,1.0
18.480,-2.4,0.403,-0.07,-0.4
18.500,-2.6,0.400,-0.07,2.3
18.520,-2.6,0.400,0.02,4.9
18.540,-2.5,0.401,0.12,3.6
18.560,-2.3,0.405,0.16,-1.1
18.580,-2.0,0.407,0.08,-2.4
18.600,-1.8,0.408,0.07,0.0
18.620,-1.5,0.410,0.08,-0.7
18.640,-1.3,0.411,0.04,-2.2
18.660,-1.3,0.412,-0.01,-1.3
18.680,-1.3,0.411,-0.01,-0.7
18.700,-1.5,0.411,-0.04,-3.6
18.720,-1.7,0.409,-0.15,-3.4
18.740,-2.0,0.405,-0.17,0.9
18.760,-2.3,0.403,-0.12,2.4
18.780,-2.5,0.400,-0.08,2.6
18.800,-2.6,0.400,-0.02,2.9
18.820,-2.5,0.400,0.04,2.4
18.840,-2.4,0.401,0.08,1.7
18.860,-2.2,0.403,0.11,0.9
18.880,-1.9,0.405,0.12,-0.2
18.900,-1.6,0.408,0.10,-1.3
18.920,-1.4,0.409,0.07,-1.9
18.940,-1.3,0.410,0.02,-2.1
18.960,-1.3,0.410,-0.02,-2.4
18.980,-1.4,0.410,-0.07,-2.1
19.000,-1.6,0.408,-0.10,-0.7
19.020,-1.8,0.406,-0.10,1.9
19.040,-2.1,0.404,-0.03,2.2
19.060,-2.3,0.404,-0.01,-0.4
19.080,-2.4,0.403,-0.04,-1.0
19.100,-2.5,0.403,-0.05,1.0
19.120,-2.4,0.401,-9.86E-4,3.6
19.140,-2.2,0.403,0.09,2.7
19.160,-2.0,0.405,0.11,0.3
19.180,-1.8,0.407,0.10,-0.6
19.200,-1.5,0.409,0.08,-1.6
19.220,-1.3,0.410,0.04,-2.0
19.240,-1.3,0.411,0.00,-0.1
19.260,-1.3,0.410,0.04,-2.0
19.280,-1.4,0.412,-0.08,-5.3
19.300,-1.6,0.407,-0.18,-1.0
19.320,-1.9,0.405,-0.12,1.5
19.340,-2.2,0.403,-0.11,0.9
19.360,-2.4,0.401,-0.08,2.2
19.380,-2.5,0.400,-0.02,2.7
19.400,-2.6,0.400,0.03,2.5
19.420,-2.5,0.401,0.08,2.1
19.440,-2.2,0.403,0.11,1.1
19.460,-2.0,0.405,0.12,0.0
19.480,-1.7,0.408,0.11,-1.1
19.500,-1.5,0.409,0.08,-1.8
19.520,-1.3,0.411,0.04,-1.9
19.540,-1.3,0.411,0.00,-0.8
19.560,-1.4,0.411,0.00,-1.0
19.580,-1.5,0.411,-0.04,-2.7
19.600,-1.8,0.409,-0.10,-2.9
19.620,-2.1,0.407,-0.16,-0.8
19.640,-2.3,0.403,-0.14,2.7
19.660,-2.5,0.401,-0.05,3.4
19.680,-2.6,0.401,0.00,2.4
19.700,-2.5,0.401,0.05,2.0
19.720,-2.3,0.403,0.08,2.8
19.740,-2.1,0.404,0.16,1.1
19.760,-1.8,0.409,0.12,-3.1
19.780,-1.6,0.409,0.03,-1.9
19.800,-1.4,0.410,0.05,-0.7
19.820,-1.4,0.411,0.01,-2.2
19.840,-1.4,0.410,-0.04,-2.2
19.860,-1.5,0.409,-0.08,-1.8
19.880,-1.7,0.407,-0.11,-0.9
19.900,-2.0,0.405,-0.12,0.2
19.920,-2.2,0.403,-0.10,1.0
19.940,-2.4,0.401,-0.08,2.0
19.960,-2.5,0.400,-0.02,2.6
19.980,-2.5,0.400,0.03,2.2
20.000,-2.4,0.401,0.06,4.0
20.020,-2.2,0.402,0.19,1.6
20.040,-1.9,0.408,0.13,-4.0
20.060,-1.7,0.407,0.03,-1.0
20.080,-1.5,0.409,0.08,0.5
20.100,-1.3,0.411,0.05,-2.0
20.120,-1.3,0.411,0.00,-2.3
20.140,-1.3,0.411,-0.05,-2.2
20.160,-1.4,0.409,-0.08,-1.7
20.180,-1.7,0.407,-0.11,-0.8
20.200,-2.0,0.405,-0.12,0.3
20.220,-2.2,0.403,-0.10,1.3
20.240,-2.4,0.401,-0.06,4.3
20.260,-2.5,0.400,0.07,3.0
20.280,-2.5,0.404,0.06,-1.5
20.300,-2.3,0.402,0.01,0.8
20.320,-2.1,0.404,0.09,2.3
20.340,-1.9,0.406,0.10,0.1
20.360,-1.6,0.408,0.09,-0.9
20.380,-1.4,0.410,0.06,-1.9
20.400,-1.4,0.410,0.02,-2.2
20.420,-1.4,0.410,-0.02,-1.9
20.440,-1.4,0.409,-0.06,-1.9
20.460,-1.6,0.408,-0.10,-1.2
20.480,-1.9,0.406,-0.11,-0.2
20.500,-2.2,0.403,-0.10,0.9
20.520,-2.4,0.401,-0.08,2.1
20.540,-2.5,0.400,-0.02,3.8
20.560,-2.6,0.400,0.08,3.5
20.580,-2.5,0.403,0.12,0.8
20.600,-2.3,0.405,0.11,0.0
20.620,-2.0,0.408,0.12,-0.1
20.640,-1.8,0.410,0.10,-0.9
20.660,-1.5,0.412,0.08,-1.5
20.680,-1.3,0.413,0.05,-1.9
20.700,-1.3,0.414,0.00,-2.3
20.720,-1.4,0.413,-0.04,-2.2
20.740,-1.5,0.412,-0.08,-1.6
20.760,-1.7,0.410,-0.11,-0.8
20.780,-2.0,0.407,-0.12,0.1
20.800,-2.2,0.405,-0.10,0.1
20.820,-2.4,0.403,-0.11,0.6
20.840,-2.6,0.400,-0.08,3.4
20.860,-2.6,0.400,0.02,3.8
20.880,-2.4,0.401,0.07,1.9
20.900,-2.2,0.403,0.10,0.9
20.920,-1.9,0.405,0.11,0.2
20.940,-1.7,0.407,0.10,-0.8
20.960,-1.5,0.409,0.08,-1.9
20.980,-1.3,0.410,0.03,-2.3
21.000,-1.3,0.411,-0.01,-2.3
21.020,-1.4,0.410,-0.06,-2.0
21.040,-1.6,0.408,-0.09,0.7
21.060,-1.8,0.406,-0.03,1.5
21.080,-2.0,0.407,-0.03,-1.1
21.100,-2.3,0.405,-0.08,-0.1
21.120,-2.4,0.404,-0.04,0.5
21.140,-2.5,0.403,-0.06,0.5
21.160,-2.4,0.401,-0.02,3.7
21.180,-2.2,0.403,0.09,3.3
21.200,-2.0,0.405,0.11,0.4
21.220,-1.8,0.407,0.10,-0.8
21.240,-1.5,0.409,0.08,-1.6
21.260,-1.4,0.410,0.04,-2.0
21.280,-1.3,0.411,0.00,-2.2
21.300,-1.3,0.410,-0.05,0.1
21.320,-1.5,0.409,8.27E-4,-1.0
21.340,-1.6,0.410,-0.09,-4.5
21.360,-1.9,0.405,-0.18,-0.6
21.380,-2.2,0.403,-0.11,2.6
21.400,-2.4,0.401,-0.08,2.0
21.420,-2.5,0.400,-0.03,2.4
21.440,-2.5,0.400,0.02,2.3
21.460,-2.4,0.401,0.06,2.0
21.480,-2.2,0.402,0.10,1.2
21.500,-2.0,0.405,0.11,0.2
21.520,-1.8,0.407,0.10,-0.8
21.540,-1.5,0.409,0.08,-1.6
21.560,-1.4,0.410,0.04,-1.1
21.580,-1.4,0.410,0.04,-1.1
21.600,-1.4,0.412,0.00,-2.8
21.620,-1.6,0.410,-0.07,-3.4
21.640,-1.8,0.409,-0.14,-1.9
21.660,-2.0,0.404,-0.15,1.6
21.680,-2.3,0.403,-0.08,2.6
21.700,-2.5,0.401,-0.05,1.9
21.720,-2.5,0.401,0.00,2.3
21.740,-2.5,0.401,0.05,2.1
21.760,-2.3,0.403,0.08,1.3
21.780,-2.1,0.404,0.10,0.4
21.800,-1.8,0.406,0.10,0.7
21.820,-1.6,0.408,0.13,-0.8
21.840,-1.4,0.412,0.07,-4.0
21.860,-1.3,0.411,-0.03,-2.6
21.880,-1.4,0.410,-0.04,-1.0
21.900,-1.5,0.409,-0.07,-1.7
21.920,-1.7,0.408,-0.10,-1.0
21.940,-1.9,0.405,-0.11,0.1
21.960,-2.2,0.403,-0.10,1.0
21.980,-2.4,0.401,-0.07,1.9
22.000,-2.5,0.400,-0.02,2.4
22.020,-2.5,0.400,0.02,2.3
22.040,-2.4,0.401,0.07,1.9
22.060,-2.2,0.403,0.10,0.9
22.080,-2.0,0.405,0.10,0.1
22.100,-1.7,0.407,0.10,0.8
22.120,-1.5,0.409,0.13,-1.7
22.140,-1.4,0.413,0.04,-4.9
22.160,-1.3,0.411,-0.06,-1.9
22.180,-1.4,0.410,-0.04,-0.4
22.200,-1.5,0.409,-0.08,-1.5
22.220,-1.7,0.407,-0.10,-0.6
22.240,-1.9,0.405,-0.10,1.9
22.260,-2.2,0.403,-0.02,2.6
22.280,-2.4,0.404,0.01,0.2
22.300,-2.4,0.403,-0.02,0.7
22.320,-2.4,0.403,0.03,2.4
22.340,-2.3,0.405,0.08,0.1
22.360,-2.1,0.407,0.03,-1.3
22.380,-1.8,0.406,0.03,1.2
22.400,-1.6,0.408,0.08,0.9
22.420,-1.5,0.409,0.06,-1.6
22.440,-1.4,0.410,0.02,-2.3
22.460,-1.3,0.410,-0.03,-2.2
22.480,-1.5,0.409,-0.07,-1.7
22.500,-1.6,0.407,-0.09,-1.0
22.520,-1.9,0.405,-0.11,-0.2
22.540,-2.1,0.403,-0.10,0.8
22.560,-2.4,0.401,-0.08,1.6
22.580,-2.5,0.400,-0.04,2.4
22.600,-2.5,0.400,0.02,3.8
22.620,-2.5,0.401,0.12,2.9
22.640,-2.3,0.404,0.14,-0.2
22.660,-2.0,0.406,0.11,-1.8
22.680,-1.8,0.409,0.06,-1.6
22.700,-1.6,0.409,0.04,-0.3
22.720,-1.4,0.410,0.05,-1.0
22.740,-1.3,0.411,0.00,-0.6
22.760,-1.4,0.411,0.02,-0.5
22.780,-1.5,0.412,-0.02,-3.1
22.800,-1.7,0.410,-0.10,-3.4
22.820,-2.0,0.408,-0.15,-1.1
22.840,-2.2,0.404,-0.15,2.0
22.860,-2.4,0.402,-0.07,3.0
22.880,-2.5,0.401,-0.02,2.4
22.900,-2.5,0.401,0.02,2.1
22.920,-2.4,0.402,0.06,1.5
22.940,-2.2,0.403,0.09,1.0
22.960,-1.9,0.405,0.10,0.2
22.980,-1.7,0.407,0.09,-0.8
23.000,-1.5,0.409,0.07,-1.6
23.020,-1.4,0.410,0.03,-2.0
23.040,-1.4,0.410,-0.01,-2.1
23.060,-1.4,0.409,-0.05,-1.6
23.080,-1.6,0.408,-0.08,-1.1
23.100,-1.8,0.406,-0.10,-0.3
23.120,-2.0,0.404,-0.09,0.7
23.140,-2.3,0.402,-0.07,1.4
23.160,-2.4,0.401,-0.03,2.4
23.180,-2.5,0.401,0.03,3.6
23.200,-2.3,0.402,0.11,0.9
23.220,-2.2,0.405,0.06,-2.1
23.240,-2.0,0.405,0.03,0.8
23.260,-1.8,0.406,0.10,1.4
23.280,-1.5,0.408,0.08,-1.1
23.300,-1.4,0.410,0.05,-1.9
23.320,-1.4,0.410,0.01,-2.2
23.340,-1.4,0.410,-0.04,-2.1
23.360,-1.5,0.409,-0.08,0.8
23.380,-1.6,0.407,0.00,-0.6
23.400,-1.9,0.409,-0.10,-4.4
23.420,-2.1,0.403,-0.18,0.8
23.440,-2.3,0.402,-0.07,3.5
23.460,-2.5,0.400,-0.04,2.0
23.480,-2.4,0.400,0.01,2.3
23.500,-2.4,0.401,0.05,1.8
23.520,-2.2,0.402,0.09,1.1
23.540,-2.0,0.404,0.10,0.3
23.560,-1.8,0.406,0.10,-0.6
23.580,-1.6,0.408,0.08,-1.5
23.600,-1.5,0.409,0.04,-1.9
23.620,-1.4,0.410,0.00,-1.9
23.640,-1.4,0.409,-0.04,-0.3
23.660,-1.6,0.408,-0.01,-1.2
23.680,-1.8,0.409,-0.09,-3.3
23.700,-2.0,0.405,-0.15,0.3
23.720,-2.2,0.403,-0.08,2.6
23.740,-2.4,0.402,-0.04,1.9
23.760,-2.5,0.401,0.00,2.2
23.780,-2.5,0.402,0.05,1.8
23.800,-2.3,0.403,0.07,2.4
23.820,-2.1,0.405,0.14,1.9
23.840,-1.9,0.409,0.15,-1.6
23.860,-1.6,0.411,0.08,-2.6
23.880,-1.5,0.412,0.04,-1.5
23.900,-1.4,0.412,0.02,-2.9
23.920,-1.4,0.413,-0.07,-3.6
23.940,-1.5,0.410,-0.13,-0.8
23.960,-1.7,0.408,-0.10,0.6
23.980,-1.9,0.406,-0.10,0.2
24.000,-2.2,0.403,-0.10,0.8
24.020,-2.3,0.402,-0.07,1.6
24.040,-2.5,0.401,-0.03,2.2
24.060,-2.5,0.400,0.01,2.2
24.080,-2.4,0.401,0.05,1.8
24.100,-2.2,0.403,0.09,1.1
24.120,-2.0,0.405,0.10,0.2
24.140,-1.8,0.407,0.09,-0.7
24.160,-1.6,0.408,0.07,0.5
24.180,-1.4,0.409,0.11,-0.4
24.200,-1.4,0.413,0.06,-5.6
24.220,-1.4,0.412,-0.11,-4.5
24.240,-1.5,0.408,-0.12,0.6
24.260,-1.7,0.407,-0.09,0.7
24.280,-1.9,0.405,-0.10,0.2
24.300,-2.2,0.403,-0.08,1.2
24.320,-2.3,0.402,-0.05,1.6
24.340,-2.4,0.401,-0.02,2.0
24.360,-2.4,0.401,0.03,1.9
24.380,-2.2,0.402,0.06,2.5
24.400,-2.1,0.403,0.13,2.3
24.420,-1.8,0.408,0.15,-0.7
24.440,-1.7,0.410,0.11,-3.9
24.460,-1.5,0.412,0.00,-4.1
24.480,-1.4,0.410,-0.06,-0.5
24.500,-1.4,0.409,-0.02,0.1
24.520,-1.5,0.409,-0.05,-1.7
24.540,-1.6,0.407,-0.09,-0.7
24.560,-1.9,0.405,-0.08,0.2
24.580,-2.1,0.404,-0.08,0.2
24.600,-2.3,0.402,-0.08,1.0
24.620,-2.4,0.401,-0.04,2.2
24.640,-2.5,0.401,0.01,2.2
24.660,-2.4,0.401,0.05,1.8
24.680,-2.3,0.403,0.08,1.2
24.700,-2.1,0.405,0.10,0.7
24.720,-1.8,0.407,0.11,-0.3
24.740,-1.6,0.409,0.09,-0.4
24.760,-1.5,0.410,0.09,-0.6
24.780,-1.4,0.413,0.06,-3.0
24.800,-1.4,0.413,-0.03,-3.1
24.820,-1.5,0.412,-0.06,-1.5
24.840,-1.7,0.410,-0.09,-2.2
24.860,-1.9,0.408,-0.15,-0.1
24.880,-2.2,0.404,-0.09,3.4
24.900,-2.3,0.404,-0.01,1.7
24.920,-2.5,0.404,-0.02,-0.4
24.940,-2.4,0.404,-0.03,0.4
24.960,-2.4,0.402,0.00,2.5
24.980,-2.2,0.403,0.07,2.5
25.000,-2.0,0.405,0.10,0.3
25.020,-1.8,0.407,0.08,-0.9
25.040,-1.6,0.409,0.06,-1.4
25.060,-1.5,0.410,0.03,-1.7
25.080,-1.4,0.410,-0.01,-2.0
25.100,-1.5,0.409,-0.05,-1.6
25.120,-1.6,0.408,-0.08,-1.1
25.140,-1.8,0.406,-0.09,-0.4
25.160,-2.0,0.404,-0.09,0.7
25.180,-2.3,0.402,-0.07,1.4
25.200,-2.4,0.401,-0.04,1.7
25.220,-2.4,0.401,0.00,2.0
25.240,-2.3,0.401,0.05,1.9
25.260,-2.2,0.403,0.08,2.7
25.280,-2.0,0.404,0.15,0.5
25.300,-1.8,0.409,0.10,-3.4
25.320,-1.6,0.408,0.02,-1.5
25.340,-1.5,0.410,0.04,-0.2
25.360,-1.4,0.410,0.01,-1.8
25.380,-1.4,0.410,-0.03,-1.8
25.400,-1.5,0.409,-0.07,0.4
25.420,-1.7,0.407,-0.02,-0.3
25.440,-1.9,0.408,-0.08,-3.1
25.460,-2.1,0.404,-0.14,0.4
25.480,-2.3,0.402,-0.06,2.9
25.500,-2.4,0.401,-0.03,1.7
25.520,-2.4,0.401,0.01,1.8
25.540,-2.3,0.402,0.05,1.8
25.560,-2.2,0.403,0.08,1.0
25.580,-2.0,0.405,0.09,0.3
25.600,-1.8,0.407,0.09,-0.4
25.620,-1.6,0.408,0.07,-1.3
25.640,-1.5,0.409,0.04,-1.7
25.660,-1.4,0.410,0.00,-1.8
25.680,-1.5,0.409,-0.04,-1.8
25.700,-1.6,0.408,-0.07,-1.2
25.720,-1.8,0.407,-0.08,0.6
25.740,-2.0,0.405,-0.05,0.1
25.760,-2.2,0.405,-0.08,-1.2
25.780,-2.4,0.402,-0.09,2.1
25.800,-2.5,0.401,0.00,3.3
25.820,-2.4,0.402,0.04,1.6
25.840,-2.3,0.403,0.07,1.1
25.860,-2.1,0.404,0.09,0.7
25.880,-1.9,0.406,0.10,-0.2
25.900,-1.7,0.408,0.08,-1.3
25.920,-1.5,0.410,0.04,-0.5
25.940,-1.4,0.410,0.06,-1.4
25.960,-1.4,0.412,-0.01,-4.2
25.980,-1.5,0.409,-0.11,-2.1
26.000,-1.7,0.408,-0.09,0.2
26.020,-1.9,0.406,-0.10,0.0
26.040,-2.1,0.404,-0.10,0.7
26.060,-2.3,0.402,-0.07,1.5
26.080,-2.4,0.401,-0.04,1.9
26.100,-2.5,0.400,0.01,2.3
26.120,-2.4,0.401,0.05,1.9
26.140,-2.2,0.403,0.08,0.9
26.160,-2.0,0.404,0.09,0.3
26.180,-1.8,0.406,0.09,-0.4
26.200,-1.6,0.408,0.08,-1.4
26.220,-1.5,0.409,0.04,0.0
26.240,-1.4,0.409,0.08,-0.3
26.260,-1.5,0.412,0.03,-5.4
26.280,-1.6,0.410,-0.14,-2.6
26.300,-1.7,0.407,-0.08,3.2
26.320,-1.9,0.407,-0.01,0.2
26.340,-2.1,0.406,-0.07,-0.4
26.360,-2.3,0.405,-0.03,1.6
26.380,-2.3,0.405,0.00,-0.2
26.400,-2.3,0.405,-0.04,-0.4
26.420,-2.2,0.403,-0.02,2.6
26.440,-2.1,0.404,0.06,2.4
26.460,-1.9,0.406,0.08,2.1
26.480,-1.7,0.407,0.15,-0.2
26.500,-1.5,0.412,0.07,-4.7
26.520,-1.5,0.410,-0.04,-2.1
26.540,-1.4,0.410,-0.01,-0.4
26.560,-1.5,0.409,-0.05,-1.7
26.580,-1.6,0.408,-0.08,-1.0
26.600,-1.8,0.406,-0.09,-0.4
26.620,-2.0,0.404,-0.10,0.5
26.640,-2.2,0.402,-0.08,1.4
26.660,-2.4,0.401,-0.04,1.9
26.680,-2.5,0.401,0.00,2.2
26.700,-2.4,0.401,0.05,1.9
26.720,-2.2,0.402,0.08,1.1
26.740,-2.1,0.404,0.09,0.4
26.760,-1.8,0.406,0.09,0.9
26.780,-1.6,0.408,0.13,0.1
26.800,-1.5,0.411,0.09,-2.8
26.820,-1.5,0.412,0.01,-2.7
26.840,-1.5,0.412,-0.01,-1.7
26.860,-1.5,0.411,-0.05,-1.6
26.880,-1.7,0.409,-0.08,-2.1
26.900,-1.9,0.408,-0.14,-1.4
26.920,-2.1,0.404,-0.13,2.0
26.940,-2.3,0.403,-0.06,2.6
26.960,-2.4,0.402,-0.03,2.9
26.980,-2.4,0.401,0.06,3.4
27.000,-2.3,0.404,0.11,-0.5
27.020,-2.1,0.406,0.04,-2.0
27.040,-2.0,0.406,0.03,0.8
27.060,-1.8,0.407,0.07,0.8
27.080,-1.6,0.408,0.06,-1.2
27.100,-1.5,0.409,0.02,-1.6
27.120,-1.5,0.409,-0.01,-1.7
27.140,-1.5,0.409,-0.05,-1.8
27.160,-1.6,0.407,-0.08,-1.0
27.180,-1.8,0.406,-0.09,-0.1
27.200,-2.0,0.404,-0.08,0.5
27.220,-2.2,0.402,-0.07,1.1
27.240,-2.3,0.401,-0.04,1.9
27.260,-2.4,0.401,0.01,2.1
27.280,-2.3,0.402,0.05,1.5
27.300,-2.2,0.403,0.07,2.4
27.320,-2.0,0.405,0.14,0.1
27.340,-1.8,0.408,0.07,-3.3
27.360,-1.7,0.407,0.01,-0.5
27.380,-1.5,0.409,0.05,0.2
27.400,-1.4,0.410,0.02,-1.8
27.420,-1.4,0.410,-0.02,-2.0
27.440,-1.5,0.409,-0.06,-1.6
27.460,-1.6,0.407,-0.08,-0.6
27.480,-1.8,0.405,-0.08,2.0
27.500,-2.0,0.404,0.00,0.7
27.520,-2.2,0.405,-0.05,-2.5
27.540,-2.3,0.402,-0.10,1.4
27.560,-2.4,0.401,0.00,3.5
27.580,-2.3,0.402,0.04,1.6
27.600,-2.2,0.403,0.07,1.0
27.620,-2.0,0.405,0.08,0.3
27.640,-1.8,0.406,0.08,-0.5
27.660,-1.6,0.408,0.06,-1.0
27.680,-1.5,0.409,0.04,-1.5
27.700,-1.5,0.409,0.00,-1.7
27.720,-1.5,0.409,-0.03,-1.6
27.740,-1.6,0.408,-0.06,-1.2
27.760,-1.8,0.406,-0.08,-0.6
27.780,-2.0,0.405,-0.09,0.5
27.800,-2.2,0.403,-0.06,1.5
27.820,-2.3,0.402,-0.03,1.7
27.840,-2.4,0.402,0.01,1.6
27.860,-2.4,0.402,0.04,1.5
27.880,-2.3,0.403,0.07,1.2
27.900,-2.1,0.405,0.09,0.4
27.920,-1.9,0.407,0.08,-0.3
27.940,-1.7,0.408,0.07,-0.9
27.960,-1.5,0.410,0.05,-1.6
27.980,-1.5,0.410,0.01,-1.5
28.000,-1.5,0.410,-0.01,-1.7
28.020,-1.5,0.410,-0.06,-1.9
28.040,-1.7,0.408,-0.09,-0.9
28.060,-1.9,0.406,-0.09,-0.2
28.080,-2.1,0.404,-0.10,0.7
28.100,-2.3,0.402,-0.07,1.6
28.120,-2.4,0.401,-0.03,1.7
28.140,-2.5,0.401,0.00,2.2
28.160,-2.4,0.401,0.05,2.0
28.180,-2.2,0.403,0.08,0.7
28.200,-2.0,0.405,0.08,0.0
28.220,-1.8,0.406,0.08,-0.3
28.240,-1.6,0.408,0.07,-0.9
28.260,-1.5,0.409,0.05,-1.6
28.280,-1.4,0.410,0.01,-2.0
28.300,-1.5,0.409,-0.04,-0.4
28.320,-1.6,0.408,-0.01,-1.3
28.340,-1.7,0.409,-0.09,-3.4
28.360,-1.9,0.405,-0.15,2.3
28.380,-2.1,0.403,0.00,4.6
28.400,-2.3,0.405,0.04,-1.6
28.420,-2.3,0.405,-0.06,-2.1
28.440,-2.3,0.402,-0.04,2.8
28.460,-2.2,0.403,0.05,4.7
28.480,-2.0,0.404,0.14,2.0
28.500,-1.9,0.409,0.13,-3.9
28.520,-1.7,0.410,-0.01,-2.4
28.540,-1.6,0.408,0.04,2.9
28.560,-1.5,0.411,0.10,-2.3
28.580,-1.5,0.412,-0.06,-5.6
28.600,-1.5,0.409,-0.12,-0.4
28.620,-1.6,0.408,-0.07,0.8
28.640,-1.8,0.406,-0.09,-0.4
28.660,-2.0,0.404,-0.09,0.4
28.680,-2.2,0.403,-0.07,1.2
28.700,-2.3,0.401,-0.04,1.7
28.720,-2.4,0.401,0.00,2.1
28.740,-2.4,0.401,0.04,1.8
28.760,-2.2,0.403,0.07,1.0
28.780,-2.0,0.404,0.08,0.5
28.800,-1.9,0.406,0.09,-0.2
28.820,-1.7,0.408,0.07,-1.0
28.840,-1.5,0.409,0.05,-0.3
28.860,-1.5,0.409,0.06,-0.5
28.880,-1.5,0.411,0.03,-2.8
28.900,-1.5,0.410,-0.05,-2.3
28.920,-1.7,0.409,-0.07,-0.8
28.940,-1.9,0.408,-0.08,-0.3
28.960,-2.1,0.406,-0.08,0.7
28.980,-2.3,0.405,-0.05,1.5
29.000,-2.4,0.404,-0.02,1.7
29.020,-2.4,0.404,0.02,1.6
29.040,-2.3,0.404,0.05,1.7
29.060,-2.1,0.406,0.08,-0.1
29.080,-2.0,0.408,0.04,-1.8
29.100,-1.7,0.407,0.01,0.2
29.120,-1.6,0.408,0.05,0.3
29.140,-1.5,0.409,0.02,-1.5
29.160,-1.5,0.409,-0.01,-1.6
29.180,-1.5,0.409,-0.04,-1.4
29.200,-1.7,0.408,-0.07,-1.0
29.220,-1.9,0.406,-0.08,-0.4
29.240,-2.0,0.404,-0.08,0.5
29.260,-2.2,0.403,-0.06,1.3
29.280,-2.3,0.402,-0.03,1.6
29.300,-2.4,0.401,0.00,1.7
29.320,-2.3,0.402,0.04,1.3
29.340,-2.2,0.403,0.06,2.6
29.360,-2.0,0.404,0.14,0.5
29.380,-1.8,0.409,0.08,-3.7
29.400,-1.7,0.407,-0.01,-0.7
29.420,-1.6,0.408,0.05,0.8
29.440,-1.5,0.409,0.02,-1.6
29.460,-1.5,0.409,-0.02,-1.9
29.480,-1.5,0.409,-0.05,-1.2
29.500,-1.6,0.407,-0.06,1.3
29.520,-1.8,0.406,2.64E-5,-0.3
29.540,-2.0,0.407,-0.07,-3.1
29.560,-2.2,0.403,-0.13,1.1
29.580,-2.3,0.402,-0.03,3.1
29.600,-2.3,0.402,0.00,1.5
29.620,-2.2,0.402,0.03,1.6
29.640,-2.2,0.403,0.06,1.4
29.660,-2.0,0.405,0.08,0.2
29.680,-1.8,0.406,0.07,-0.6
29.700,-1.6,0.407,0.06,-0.8
29.720,-1.5,0.408,0.04,-1.5
29.740,-1.5,0.409,0.00,-1.7
29.760,-1.5,0.408,-0.03,-1.4
29.780,-1.6,0.408,-0.06,-1.1
29.800,-1.8,0.406,-0.08,-0.5
29.820,-2.0,0.404,-0.08,0.2
29.840,-2.2,0.403,-0.07,1.1
29.860,-2.3,0.402,-0.03,2.0
29.880,-2.4,0.402,0.01,2.9
29.900,-2.4,0.402,0.08,1.0
29.920,-2.2,0.405,0.05,-0.1
29.940,-2.1,0.404,0.08,1.2
29.960,-1.9,0.408,0.10,-0.2
29.980,-1.7,0.408,0.07,0.1
30.000,-1.5,0.411,0.10,-1.3
30.020,-1.5,0.412,0.02,-2.6
30.040,-1.5,0.412,0.00,-2.7
30.060,-1.6,0.412,-0.09,-3.1
30.080,-1.7,0.408,-0.13,-0.1
30.100,-1.9,0.407,-0.09,1.0
30.120,-2.1,0.405,-0.09,0.5
30.140,-2.2,0.403,-0.07,1.3
30.160,-2.4,0.402,-0.04,1.9
30.180,-2.4,0.402,0.01,1.9
30.200,-2.3,0.402,0.04,1.4
30.220,-2.2,0.403,0.06,1.0
30.240,-2.0,0.405,0.08,0.3
30.260,-1.8,0.406,0.07,-0.4
30.280,-1.6,0.408,0.06,-0.9
30.300,-1.5,0.409,0.04,-1.4
30.320,-1.5,0.409,0.01,-1.5
30.340,-1.5,0.409,-0.02,-1.7
30.360,-1.6,0.408,-0.06,-1.0
30.380,-1.8,0.406,-0.06,-0.2
30.400,-1.9,0.405,-0.07,1.7
30.420,-2.1,0.404,0.00,2.1
30.440,-2.2,0.406,0.02,-0.9
30.460,-2.3,0.404,-0.03,0.1
30.480,-2.3,0.404,0.02,2.2
30.500,-2.2,0.405,0.05,-0.1
30.520,-2.1,0.406,0.02,-1.1
30.540,-1.9,0.406,0.01,0.9
30.560,-1.7,0.407,0.05,2.3
30.580,-1.5,0.408,0.10,0.9
30.600,-1.5,0.411,0.09,-1.9
30.620,-1.5,0.412,0.03,-4.5
30.640,-1.5,0.412,-0.09,-4.7
30.660,-1.6,0.408,-0.16,0.0
30.680,-1.8,0.406,-0.09,1.9
30.700,-2.0,0.404,-0.08,0.5
30.720,-2.2,0.403,-0.07,1.1
30.740,-2.3,0.401,-0.04,1.8
30.760,-2.4,0.401,0.00,1.9
30.780,-2.3,0.402,0.04,1.4
30.800,-2.2,0.403,0.06,1.0
30.820,-2.1,0.404,0.08,0.9
30.840,-1.9,0.406,0.10,0.2
30.860,-1.7,0.408,0.08,-1.4
30.880,-1.6,0.409,0.04,-1.7
30.900,-1.5,0.409,0.01,-1.3
30.920,-1.5,0.410,-0.01,-1.7
30.940,-1.6,0.409,-0.05,-0.3
30.960,-1.7,0.407,-0.02,-0.5
30.980,-1.9,0.408,-0.08,-2.5
31.000,-2.1,0.404,-0.12,1.9
31.020,-2.2,0.403,0.00,4.0
31.040,-2.4,0.405,0.04,0.3
31.060,-2.4,0.405,0.01,0
,,,,
,,,,
,,,,
,,,,
,,,,
,,,,
,,,,
,,,,
,,,,
,,,,
,,,,
,,,,
,,,,
,,,,
,,,,
,,,,
,,,,
,,,,
,,,,
,,,,
,,,,
,,,,
,,,,
,,,,
,,,,
,,,,
,,,,
,,,,
,,,,
,,,,
,,,,
,,,,
,,,,
,,,,
,,,,
,,,,
,,,,
,,,,
,,,,
,,,,
,,,,
,,,,
,,,,
,,,,
,,,,
,,,,
,,,,
,,,,
,,,,
,,,,
,,,,
,,,,
,,,,
,,,,
,,,,
,,,,
,,,,
,,,,
,,,,
,,,,
,,,,
,,,,
,,,,
,,,,
,,,,
,,,,
,,,,
,,,,
,,,,
,,,,
,,,,
,,,,
,,,,
,,,,
,,,,
,,,,
,,,,
,,,,
,,,,
,,,,
,,,,
,,,,
,,,,
,,,,
,,,,
,,,,
,,,,
,,,,
,,,,
,,,,
,,,,
,,,,
,,,,
,,,,
,,,,
,,,,
,,,,
,,,,
,,,,
,,,,
,,,,
,,,,
,,,,
,,,,
,,,,
,,,,
,,,,
,,,,
,,,,
,,,,
,,,,
,,,,
,,,,
,,,,
,,,,
,,,,
,,,,
,,,,
,,,,
,,,,
,,,,
,,,,
,,,,
,,,,
,,,,
,,,,
,,,,
,,,,
,,,,
,,,,
,,,,
,,,,
,,,,
,,,,
,,,,
,,,,
,,,,
,,,,
,,,,
,,,,
,,,,
,,,,
,,,,
,,,,
,,,,
,,,,
,,,,
,,,,
,,,,
,,,,
,,,,
,,,,
,,,,
,,,,
,,,,
,,,,
,,,,
,,,,
,,,,
,,,,
,,,,
,,,,
,,,,
,,,,
,,,,
,,,,
,,,,
,,,,
,,,,
,,,,
,,,,
,,,,
,,,,
,,,,
,,,,
,,,,
,,,,
,,,,
,,,,
,,,,
,,,,
,,,,
,,,,
,,,,
,,,,
,,,,
,,,,
,,,,
,,,,
,,,,
,,,,
,,,,
,,,,
,,,,
,,,,
,,,,
,,,,
,,,,
,,,,
,,,,
,,,,
,,,,
,,,,
,,,,
,,,,
,,,,
,,,,
,,,,
,,,,
,,,,
,,,,
,,,,
,,,,
,,,,
,,,,
,,,,
,,,,
,,,,
,,,,
,,,,
,,,,
,,,,
,,,,
,,,,
,,,,
,,,,
,,,,
,,,,
,,,,
,,,,
,,,,
,,,,
,,,,
,,,,
,,,,
,,,,
,,,,
,,,,
,,,,
,,,,
,,,,
,,,,
,,,,
,,,,
,,,,
,,,,
,,,,
,,,,
,,,,
,,,,
,,,,
,,,,
,,,,
,,,,
,,,,
,,,,
,,,,
,,,,
,,,,
,,,,
,,,,
,,,,
,,,,
,,,,
,,,,
,,,,
,,,,
,,,,
,,,,
,,,,
,,,,
,,,,
,,,,
,,,,
,,,,
,,,,
,,,,
,,,,
,,,,
,,,,
,,,,
,,,,
,,,,
,,,,
,,,,
,,,,
,,,,
,,,,
,,,,
,,,,
,,,,
,,,,
,,,,
,,,,
,,,,
,,,,
,,,,
,,,,
,,,,
,,,,
,,,,
,,,,
,,,,
,,,,
,,,,
,,,,
,,,,
,,,,
,,,,
,,,,
,,,,
,,,,
,,,,
,,,,
,,,,
,,,,
,,,,
,,,,
,,,,
,,,,
,,,,
,,,,
,,,,
,,,,
,,,,
,,,,
,,,,
,,,,
,,,,
,,,,
,,,,
,,,,
,,,,
,,,,
,,,,
,,,,
,,,,
,,,,
,,,,
,,,,
,,,,
,,,,
,,,,
,,,,
,,,,
,,,,
,,,,
,,,,
,,,,
,,,,
,,,,
,,,,
,,,,
,,,,
,,,,
,,,,
,,,,
,,,,
,,,,
,,,,
,,,,
,,,,
,,,,
,,,,
,,,,
,,,,
,,,,
,,,,
,,,,
,,,,
,,,,
,,,,
,,,,
,,,,
,,,,
,,,,
,,,,
,,,,
,,,,
,,,,
,,,,
,,,,
,,,,
,,,,
,,,,
,,,,
,,,,
,,,,
,,,,
,,,,
,,,,
,,,,
,,,,
,,,,
,,,,
,,,,
,,,,
,,,,
,,,,
,,,,
,,,,
,,,,
,,,,
,,,,
,,,,
,,,,
,,,,
,,,,
,,,,
,,,,
,,,,
,,,,
,,,,
,,,,
,,,,
,,,,
,,,,
,,,,
,,,,
,,,,
,,,,
,,,,
,,,,
,,,,
,,,,
,,,,
,,,,
,,,,
,,,,
,,,,
,,,,
,,,,
,,,,
,,,,
,,,,
,,,,
,,,,
,,,,
,,,,
,,,,
,,,,
,,,,
,,,,
,,,,
,,,,
,,,,
,,,,
,,,,
,,,,
,,,,
,,,,
,,,,
,,,,
,,,,
,,,,
,,,,
,,,,
,,,,
,,,,
,,,,
,,,,
,,,,
,,,,
,,,,
,,,,
,,,,
,,,,
,,,,
,,,,
,,,,
,,,,
,,,,
,,,,
,,,,
,,,,
,,,,
,,,,
,,,,
,,,,
,,,,
,,,,
,,,,
,,,,
,,,,
,,,,
,,,,
,,,,
,,,,
,,,,
,,,,
,,,,
,,,,
,,,,
,,,,
,,,,
,,,,
,,,,
,,,,
,,,,
,,,,
,,,,
,,,,
,,,,
,,,,
,,,,
,,,,
,,,,
,,,,
,,,,
,,,,
,,,,
,,,,
,,,,
,,,,
,,,,
,,,,
,,,,
,,,,
,,,,
,,,,
,,,,
,,,,
,,,,
,,,,
,,,,
,,,,
,,,,
,,,,
,,,,
,,,,
,,,,
,,,,
,,,,
,,,,
,,,,
,,,,
,,,,
,,,,
,,,,
,,,,
,,,,
,,,,
,,,,
,,,,
,,,,
,,,,
,,,,
,,,,
,,,,
,,,,
,,,,
,,,,
,,,,
,,,,
,,,,
,,,,
,,,,
,,,,
,,,,
,,,,
,,,,
,,,,
,,,,
,,,,
,,,,
,,,,
,,,,
,,,,
,,,,
,,,,
,,,,
,,,,
,,,,
,,,,
,,,,
,,,,
,,,,
,,,,
,,,,
,,,,
,,,,
,,,,
,,,,
,,,,
,,,,
,,,,
,,,,
,,,,
,,,,
,,,,
,,,,
,,,,
,,,,
,,,,
,,,,
,,,,
,,,,
,,,,
,,,,
,,,,
,,,,
,,,,
,,,,
,,,,
,,,,
,,,,
,,,,
,,,,
,,,,
,,,,
,,,,
,,,,
,,,,
,,,,
,,,,
,,,,
,,,,
,,,,
,,,,
,,,,
,,,,
,,,,
,,,,
,,,,
,,,,
,,,,
,,,,
,,,,
,,,,
,,,,
,,,,
,,,,
,,,,
,,,,
,,,,
,,,,
,,,,
,,,,
,,,,
,,,,
,,,,
,,,,
,,,,
,,,,
,,,,
,,,,
,,,,
,,,,
,,,,
,,,,
,,,,
,,,,
,,,,
,,,,
,,,,
,,,,
,,,,
,,,,
,,,,
,,,,
,,,,
,,,,
,,,,
,,,,
,,,,
,,,,
,,,,
,,,,
,,,,
,,,,
,,,,
,,,,
,,,,
,,,,
,,,,
,,,,
,,,,
,,,,
,,,,
,,,,
,,,,
,,,,
,,,,
,,,,
,,,,
,,,,
,,,,
,,,,
,,,,
,,,,
,,,,
,,,,
,,,,
,,,,
,,,,
,,,,
,,,,
,,,,
,,,,
,,,,
,,,,
,,,,
,,,,
,,,,
,,,,
,,,,
,,,,
,,,,
,,,,
,,,,
,,,,
,,,,
,,,,
,,,,
,,,,
,,,,
,,,,
,,,,
,,,,
,,,,
,,,,
,,,,
,,,,
,,,,
,,,,
,,,,
,,,,
,,,,
,,,,
,,,,
,,,,
,,,,
,,,,
,,,,
,,,,
,,,,
,,,,
,,,,
,,,,
,,,,
,,,,
,,,,
,,,,
,,,,
,,,,
,,,,
,,,,
,,,,
,,,,
,,,,
,,,,
,,,,
,,,,
,,,,
,,,,
,,,,
,,,,
,,,,
,,,,
,,,,
,,,,
,,,,
,,,,
,,,,
,,,,
,,,,
,,,,
,,,,
,,,,
,,,,
,,,,
,,,,
,,,,
,,,,
,,,,
,,,,
,,,,
,,,,
,,,,
,,,,
,,,,
,,,,
,,,,
,,,,
,,,,
,,,,
,,,,
,,,,
,,,,
,,,,
,,,,
,,,,
,,,,
,,,,
,,,,
,,,,
,,,,
,,,,
,,,,
,,,,
,,,,
,,,,
,,,,
,,,,
,,,,
,,,,
,,,,
,,,,
,,,,
,,,,
,,,,
,,,,
,,,,
,,,,
,,,,
,,,,
,,,,
,,,,
,,,,
,,,,
,,,,
,,,,
,,,,
,,,,
,,,,
,,,,
,,,,
,,,,
,,,,
,,,,
,,,,
,,,,
,,,,
,,,,
,,,,
,,,,
,,,,
,,,,
,,,,
,,,,
,,,,
,,,,
,,,,
,,,,
,,,,
,,,,
,,,,
,,,,
,,,,
,,,,
,,,,
,,,,
,,,,
,,,,
,,,,
,,,,
,,,,
,,,,
,,,,
,,,,
,,,,
,,,,
,,,,
,,,,
,,,,
,,,,
,,,,
,,,,
,,,,
,,,,
,,,,
,,,,
,,,,
,,,,
,,,,
,,,,
,,,,
,,,,
,,,,
,,,,
,,,,
,,,,
,,,,
,,,,
,,,,
,,,,
,,,,
,,,,
,,,,
,,,,
,,,,
,,,,
,,,,
,,,,
,,,,
,,,,
,,,,
,,,,
,,,,
,,,,
,,,,
,,,,
,,,,
,,,,
,,,,
,,,,
,,,,
,,,,
,,,,
,,,,
,,,,
,,,,
,,,,
,,,,
,,,,
,,,,
,,,,
,,,,
,,,,
,,,,
,,,,
,,,,
,,,,
,,,,
,,,,
,,,,
,,,,
,,,,
,,,,
,,,,
,,,,
,,,,
,,,,
,,,,
,,,,
,,,,
,,,,
,,,,
,,,,
,,,,
,,,,
,,,,
,,,,
,,,,
,,,,
,,,,
,,,,
,,,,
,,,,
,,,,
,,,,
,,,,
,,,,
,,,,
,,,,
,,,,
,,,,
,,,,
,,,,
,,,,
,,,,
,,,,
,,,,
,,,,
,,,,
,,,,
,,,,
,,,,
,,,,
,,,,
,,,,
,,,,
,,,,
,,,,
,,,,
,,,,
,,,,
,,,,
,,,,
,,,,
,,,,
,,,,
,,,,
,,,,
,,,,
,,,,
,,,,
,,,,
,,,,
,,,,
,,,,
,,,,
,,,,
,,,,
,,,,
,,,,
,,,,
,,,,
,,,,
,,,,
,,,,
,,,,
,,,,
,,,,
,,,,
,,,,
,,,,
,,,,
,,,,
,,,,
,,,,
,,,,
,,,,
,,,,
,,,,
,,,,
,,,,
,,,,
,,,,
,,,,
,,,,
,,,,
,,,,
,,,,
,,,,
,,,,
,,,,
,,,,
,,,,
,,,,
,,,,
,,,,
,,,,
,,,,
,,,,
,,,,
,,,,
,,,,
,,,,
,,,,
,,,,
,,,,
,,,,
,,,,
,,,,
,,,,
,,,,
,,,,
,,,,
,,,,
,,,,
,,,,
,,,,
,,,,
,,,,
,,,,
,,,,
,,,,
,,,,
,,,,
,,,,
,,,,
,,,,
,,,,
,,,,
,,,,
,,,,
,,,,
,,,,
,,,,
,,,,
,,,,
,,,,
,,,,
,,,,
,,,,
,,,,
,,,,
,,,,
,,,,
,,,,
,,,,
,,,,
,,,,
,,,,
,,,,
,,,,
,,,,
,,,,
,,,,
,,,,
,,,,
,,,,
,,,,
,,,,
,,,,
,,,,
,,,,
,,,,
,,,,
,,,,
,,,,
,,,,
,,,,
,,,,
,,,,
,,,,
,,,,
,,,,
,,,,
,,,,
,,,,
,,,,
,,,,
,,,,
,,,,
,,,,
,,,,
,,,,
,,,,
,,,,
,,,,
,,,,
,,,,
,,,,
,,,,
,,,,
,,,,
,,,,
,,,,
,,,,
,,,,
,,,,
,,,,
,,,,
,,,,
,,,,
,,,,
,,,,
,,,,
,,,,
,,,,
,,,,
,,,,
,,,,
,,,,
,,,,
,,,,
,,,,
,,,,
,,,,
,,,,
,,,,
,,,,
,,,,
,,,,
,,,,
,,,,
,,,,
,,,,
,,,,
,,,,
,,,,
,,,,
,,,,
,,,,
,,,,
,,,,
,,,,
,,,,
,,,,
,,,,
,,,,
,,,,
,,,,
,,,,
,,,,
,,,,
,,,,
,,,,
,,,,
,,,,
,,,,
,,,,
,,,,
,,,,
,,,,
,,,,
,,,,
,,,,
,,,,
,,,,
,,,,
,,,,
,,,,
,,,,
,,,,
,,,,
,,,,
,,,,
,,,,
,,,,
,,,,
,,,,
,,,,
,,,,
,,,,
,,,,
,,,,
,,,,
,,,,
,,,,
,,,,
,,,,
,,,,
,,,,
,,,,
,,,,
,,,,
,,,,
,,,,
,,,,
,,,,
,,,,
,,,,
,,,,
,,,,
,,,,
,,,,
,,,,
,,,,
,,,,
,,,,
,,,,
,,,,
,,,,
,,,,
,,,,
,,,,
,,,,
,,,,
,,,,
,,,,
,,,,
,,,,
,,,,
,,,,
,,,,
,,,,
,,,,
,,,,
,,,,
,,,,
,,,,
,,,,
,,,,
,,,,
,,,,
,,,,
,,,,
,,,,
,,,,
,,,,
,,,,
,,,,
,,,,
,,,,
,,,,
,,,,
,,,,
,,,,
,,,,
,,,,
,,,,
,,,,
,,,,
,,,,
,,,,
,,,,
,,,,
,,,,
,,,,
,,,,
,,,,
,,,,
,,,,
,,,,
,,,,
,,,,
,,,,
,,,,
,,,,
,,,,
,,,,
,,,,
,,,,
,,,,
,,,,
,,,,
,,,,
,,,,
,,,,
,,,,
,,,,
,,,,
,,,,
,,,,
,,,,
,,,,
,,,,
,,,,
,,,,
,,,,
,,,,
,,,,
,,,,
,,,,
,,,,
,,,,
,,,,
,,,,
,,,,
,,,,
,,,,
,,,,
,,,,
,,,,
,,,,
,,,,
,,,,
,,,,
,,,,
,,,,
,,,,
,,,,
,,,,
,,,,
,,,,
,,,,
,,,,
,,,,
,,,,
,,,,
,,,,
,,,,
,,,,
,,,,
,,,,
,,,,
,,,,
,,,,
,,,,
,,,,
,,,,
,,,,
,,,,
,,,,
,,,,
,,,,
,,,,
,,,,
,,,,
,,,,
,,,,
,,,,
,,,,
,,,,
,,,,
,,,,
,,,,
,,,,
,,,,
,,,,
,,,,
,,,,
,,,,
,,,,
,,,,
,,,,
,,,,
,,,,
,,,,
,,,,
,,,,
,,,,
,,,,
,,,,
,,,,
,,,,
,,,,
,,,,
,,,,
,,,,
,,,,
,,,,
,,,,
,,,,
,,,,
,,,,
,,,,
,,,,
,,,,
,,,,
,,,,
,,,,
,,,,
,,,,
,,,,
,,,,
,,,,
,,,,
,,,,
,,,,
,,,,
,,,,
,,,,
,,,,
,,,,
,,,,
,,,,
,,,,
,,,,
,,,,
,,,,
,,,,
,,,,
,,,,
,,,,
,,,,
,,,,
,,,,
,,,,
,,,,
,,,,
,,,,
,,,,
,,,,
,,,,
,,,,
,,,,
,,,,
,,,,
,,,,
,,,,
,,,,
,,,,
,,,,
,,,,
,,,,
,,,,
,,,,
,,,,
,,,,
,,,,
,,,,
,,,,
,,,,
,,,,
,,,,
,,,,
,,,,
,,,,
,,,,
,,,,
,,,,
,,,,
,,,,
,,,,
,,,,
,,,,
,,,,
,,,,
,,,,
,,,,
,,,,
,,,,
,,,,
,,,,
,,,,
,,,,
,,,,
,,,,
,,,,
,,,,
,,,,
,,,,
,,,,
,,,,
,,,,
,,,,
,,,,
,,,,
,,,,
,,,,
,,,,
,,,,
,,,,
,,,,
,,,,
,,,,
,,,,
,,,,
,,,,
,,,,
,,,,
,,,,
,,,,
,,,,
,,,,
,,,,
,,,,
,,,,
,,,,
,,,,
,,,,
,,,,
,,,,
,,,,
,,,,
,,,,
,,,,
,,,,
,,,,
,,,,
,,,,
,,,,
,,,,
,,,,
,,,,
,,,,
,,,,
,,,,
,,,,
,,,,
,,,,
,,,,
,,,,
,,,,
,,,,
,,,,
,,,,
,,,,
,,,,
,,,,
,,,,
,,,,
,,,,
,,,,
,,,,
,,,,
,,,,
,,,,
,,,,
,,,,
,,,,
,,,,
,,,,
,,,,
,,,,
,,,,
,,,,
,,,,
,,,,
,,,,
,,,,
,,,,
,,,,
,,,,
,,,,
,,,,
,,,,
,,,,
,,,,
,,,,
,,,,
,,,,
,,,,
,,,,
,,,,
,,,,
,,,,
,,,,
,,,,
,,,,
,,,,
,,,,
,,,,
,,,,
,,,,
,,,,
,,,,
,,,,
,,,,
,,,,
,,,,
,,,,
,,,,
,,,,
,,,,
,,,,
,,,,
,,,,
,,,,
,,,,
,,,,
,,,,
,,,,
,,,,
,,,,
,,,,
,,,,
,,,,
,,,,
,,,,
,,,,
,,,,
,,,,
,,,,
,,,,
,,,,
,,,,
,,,,
,,,,
,,,,
,,,,
,,,,
,,,,
,,,,
,,,,
,,,,
,,,,
,,,,
,,,,
,,,,
,,,,
,,,,
,,,,
,,,,
,,,,
,,,,
,,,,
,,,,
,,,,
,,,,
,,,,
,,,,
,,,,
,,,,
,,,,
,,,,
,,,,
,,,,
,,,,
,,,,
,,,,
,,,,
,,,,
,,,,
,,,,
,,,,
,,,,
,,,,
,,,,
,,,,
,,,,
,,,,
,,,,
,,,,
,,,,
,,,,
,,,,
,,,,
,,,,
,,,,
,,,,
,,,,
,,,,
,,,,
,,,,
,,,,
,,,,
,,,,
,,,,
,,,,
,,,,
,,,,
,,,,
,,,,
,,,,
,,,,
,,,,
,,,,
,,,,
,,,,
,,,,
,,,,
,,,,
,,,,
,,,,
,,,,
,,,,
,,,,
,,,,
,,,,
,,,,
,,,,
,,,,
,,,,
,,,,
,,,,
,,,,
,,,,
,,,,
,,,,
,,,,
,,,,
,,,,
,,,,
,,,,
,,,,
,,,,
,,,,
,,,,
,,,,
,,,,
,,,,
,,,,
,,,,
,,,,
,,,,
,,,,
,,,,
,,,,
,,,,
,,,,
,,,,
,,,,
,,,,
,,,,
,,,,
,,,,
,,,,
,,,,
,,,,
,,,,
,,,,
,,,,
,,,,
,,,,
,,,,
,,,,
,,,,
,,,,
,,,,
,,,,
,,,,
,,,,
,,,,
,,,,
,,,,
,,,,
,,,,
,,,,
,,,,
,,,,
,,,,
,,,,
,,,,
,,,,
,,,,
,,,,
,,,,
,,,,
,,,,
,,,,
,,,,
,,,,
,,,,
,,,,
,,,,
,,,,
,,,,
,,,,
,,,,
,,,,
,,,,
,,,,
,,,,
,,,,
,,,,
,,,,
,,,,
,,,,
,,,,
,,,,
,,,,
,,,,
,,,,
,,,,
,,,,
,,,,
,,,,
,,,,
,,,,
,,,,
,,,,
,,,,
,,,,
,,,,
,,,,
,,,,
,,,,
,,,,
,,,,
,,,,
,,,,
,,,,
,,,,
,,,,
,,,,
,,,,
,,,,
,,,,
,,,,
,,,,
,,,,
,,,,
,,,,
,,,,
,,,,
,,,,
,,,,
,,,,
,,,,
,,,,
,,,,
,,,,
,,,,
,,,,
,,,,
,,,,
,,,,
,,,,
,,,,
,,,,
,,,,
,,,,
,,,,
,,,,
,,,,
,,,,
,,,,
,,,,
,,,,
,,,,
,,,,
,,,,
,,,,
,,,,
,,,,
,,,,
,,,,
,,,,
,,,,
,,,,
,,,,
,,,,
,,,,
,,,,
,,,,
,,,,
,,,,
,,,,
,,,,
,,,,
,,,,
,,,,
,,,,
,,,,
,,,,
,,,,
,,,,
,,,,
,,,,
,,,,
,,,,
,,,,
,,,,
,,,,
,,,,
,,,,
,,,,
,,,,
,,,,
,,,,
,,,,
,,,,
,,,,
,,,,
,,,,
,,,,
,,,,
,,,,
,,,,
,,,,
,,,,
,,,,
,,,,
,,,,
,,,,
,,,,
,,,,
,,,,
,,,,
,,,,
,,,,
,,,,
,,,,
,,,,
,,,,
,,,,
,,,,
,,,,
,,,,
,,,,
,,,,
,,,,
,,,,
,,,,
,,,,
,,,,
,,,,
,,,,
,,,,
,,,,
,,,,
,,,,
,,,,
,,,,
,,,,
,,,,
,,,,
,,,,
,,,,
,,,,
,,,,
,,,,
,,,,
,,,,
,,,,
,,,,
,,,,
,,,,
,,,,
,,,,
,,,,
,,,,
,,,,
,,,,
,,,,
,,,,
,,,,
,,,,
,,,,
,,,,
,,,,
,,,,
,,,,
,,,,
,,,,
,,,,
,,,,
,,,,
,,,,
,,,,
,,,,
,,,,
,,,,
,,,,
,,,,
,,,,
,,,,
,,,,
,,,,
,,,,
,,,,
,,,,
,,,,
,,,,
,,,,
,,,,
,,,,
,,,,
,,,,
,,,,
,,,,
,,,,
,,,,
,,,,
,,,,
,,,,
,,,,
,,,,
,,,,
,,,,
,,,,
,,,,
,,,,
,,,,
,,,,
,,,,
,,,,
,,,,
,,,,
,,,,
,,,,
,,,,
,,,,
,,,,
,,,,
,,,,
,,,,
,,,,
,,,,
,,,,
,,,,
,,,,
,,,,
,,,,
,,,,
,,,,
,,,,
,,,,
,,,,
,,,,
,,,,
,,,,
,,,,
,,,,
,,,,
,,,,
,,,,
,,,,
,,,,
,,,,
,,,,
,,,,
,,,,
,,,,
,,,,
,,,,
,,,,
,,,,
,,,,
,,,,
,,,,
,,,,
,,,,
,,,,
,,,,
,,,,
,,,,
,,,,
,,,,
,,,,
,,,,
,,,,
,,,,
,,,,
,,,,
,,,,
,,,,
,,,,
,,,,
,,,,
,,,,
,,,,
,,,,
,,,,
,,,,
,,,,
,,,,
,,,,
,,,,
,,,,
,,,,
,,,,
,,,,
,,,,
,,,,
,,,,
,,,,
,,,,
,,,,
,,,,
,,,,
,,,,
,,,,
,,,,
,,,,
,,,,
,,,,
,,,,
,,,,
,,,,
,,,,
,,,,
,,,,
,,,,
,,,,
,,,,
,,,,
,,,,
,,,,
,,,,
,,,,
,,,,
,,,,
,,,,
,,,,
,,,,
,,,,
,,,,
,,,,
,,,,
,,,,
,,,,
,,,,
,,,,
,,,,
,,,,
,,,,
,,,,
,,,,
,,,,
,,,,
,,,,
,,,,
,,,,
,,,,
,,,,
,,,,
,,,,
,,,,
,,,,
,,,,
,,,,
,,,,
,,,,
,,,,
,,,,
,,,,
,,,,
,,,,
,,,,
,,,,
,,,,
,,,,
,,,,
,,,,
,,,,
,,,,
,,,,
,,,,
,,,,
,,,,
,,,,
,,,,
,,,,
,,,,
,,,,
,,,,
,,,,
,,,,
,,,,
,,,,
,,,,
,,,,
,,,,
,,,,
,,,,
,,,,
,,,,
,,,,
,,,,
,,,,
,,,,
,,,,
,,,,
,,,,
,,,,
,,,,
,,,,
,,,,
,,,,
,,,,
,,,,
,,,,
,,,,
,,,,
,,,,
,,,,
,,,,
,,,,
,,,,
,,,,
,,,,
,,,,
,,,,
,,,,
,,,,
,,,,
,,,,
,,,,
,,,,
,,,,
,,,,
,,,,
,,,,
,,,,
,,,,
,,,,
,,,,
,,,,
,,,,
,,,,
,,,,
,,,,
,,,,
,,,,
,,,,
,,,,
,,,,
,,,,
,,,,
,,,,
,,,,
,,,,
,,,,
,,,,
,,,,
,,,,
,,,,
,,,,
,,,,
,,,,
,,,,
,,,,
,,,,
,,,,
,,,,
,,,,
,,,,
,,,,
,,,,
,,,,
,,,,
,,,,
,,,,
,,,,
,,,,
,,,,
,,,,
,,,,
,,,,
,,,,
,,,,
,,,,
,,,,
,,,,
,,,,
,,,,
,,,,
,,,,
,,,,
,,,,
,,,,
,,,,
,,,,
,,,,
,,,,
,,,,
,,,,
,,,,
,,,,
,,,,
,,,,
,,,,
,,,,
,,,,
,,,,
,,,,
,,,,
,,,,
,,,,
,,,,
,,,,
,,,,
,,,,
,,,,
,,,,
,,,,
,,,,
,,,,
,,,,
,,,,
,,,,
,,,,
,,,,
,,,,
,,,,
,,,,
,,,,
,,,,
,,,,
,,,,
,,,,
,,,,
,,,,
,,,,
,,,,
,,,,
,,,,
,,,,
,,,,
,,,,
,,,,
,,,,
,,,,
,,,,
,,,,
,,,,
,,,,
,,,,
,,,,
,,,,
,,,,
,,,,
,,,,
,,,,
,,,,
,,,,
,,,,
,,,,
,,,,
,,,,
,,,,
,,,,
,,,,
,,,,
,,,,
,,,,
,,,,
,,,,
,,,,
,,,,
,,,,
,,,,
,,,,
,,,,
,,,,
,,,,
,,,,
,,,,
,,,,
,,,,
,,,,
,,,,
,,,,
,,,,
,,,,
,,,,
,,,,
,,,,
,,,,
,,,,
,,,,
,,,,
,,,,
,,,,
,,,,
,,,,
,,,,
,,,,
,,,,
,,,,
,,,,
,,,,
,,,,
,,,,
,,,,
,,,,
,,,,
,,,,
,,,,
,,,,
,,,,
,,,,
,,,,
,,,,
,,,,
,,,,
,,,,
,,,,
,,,,
,,,,
,,,,
,,,,
,,,,
,,,,
,,,,
,,,,
,,,,
,,,,
,,,,
,,,,
,,,,
,,,,
,,,,
,,,,
,,,,
,,,,
,,,,
,,,,
,,,,
,,,,
,,,,
,,,,
,,,,
,,,,
,,,,
,,,,
,,,,
,,,,
,,,,
,,,,
,,,,
,,,,
,,,,
,,,,
,,,,
,,,,
,,,,
,,,,
,,,,
,,,,
,,,,
,,,,
,,,,
,,,,
,,,,
,,,,
,,,,
,,,,
,,,,
,,,,
,,,,
,,,,
,,,,
,,,,
,,,,
,,,,
,,,,
,,,,
,,,,
,,,,
,,,,
,,,,
,,,,
,,,,
,,,,
,,,,
,,,,
,,,,
,,,,
,,,,
,,,,
,,,,
,,,,
,,,,
,,,,
,,,,
,,,,
,,,,
,,,,
,,,,
,,,,
,,,,
,,,,
,,,,
,,,,
,,,,
,,,,
,,,,
,,,,
,,,,
,,,,
,,,,
,,,,
,,,,
,,,,
,,,,
,,,,
,,,,
,,,,
,,,,
,,,,
,,,,
,,,,
,,,,
,,,,
,,,,
,,,,
,,,,
,,,,
,,,,
,,,,
,,,,
,,,,
,,,,
,,,,
,,,,
,,,,
,,,,
,,,,
,,,,
,,,,
,,,,
,,,,
,,,,
,,,,
,,,,
,,,,
,,,,
,,,,
,,,,
,,,,
,,,,
,,,,
,,,,
,,,,
,,,,
,,,,
,,,,
,,,,
,,,,
,,,,
,,,,
,,,,
,,,,
,,,,
,,,,
,,,,
,,,,
,,,,
,,,,
,,,,
,,,,
,,,,
,,,,
,,,,
,,,,
,,,,
,,,,
,,,,
,,,,
,,,,
,,,,
,,,,
,,,,
,,,,
,,,,
,,,,
,,,,
,,,,
,,,,
,,,,
,,,,
,,,,
,,,,
,,,,
,,,,
,,,,
,,,,
,,,,
,,,,
,,,,
,,,,
,,,,
,,,,
,,,,
,,,,
,,,,
,,,,
,,,,
,,,,
,,,,
,,,,
,,,,
,,,,
,,,,
,,,,
,,,,
,,,,
,,,,
,,,,
,,,,
,,,,
,,,,
,,,,
,,,,
,,,,
,,,,
,,,,
,,,,
,,,,
,,,,
,,,,
,,,,
,,,,
,,,,
,,,,
,,,,
,,,,
,,,,
,,,,
,,,,
,,,,
,,,,
,,,,
,,,,
,,,,
,,,,
,,,,
,,,,
,,,,
,,,,
,,,,
,,,,
,,,,
,,,,
,,,,
,,,,
,,,,
,,,,
,,,,
,,,,
,,,,
,,,,
,,,,
,,,,
,,,,
,,,,
,,,,
,,,,
,,,,
,,,,
,,,,
,,,,
,,,,
,,,,
,,,,
,,,,
,,,,
,,,,
,,,,
,,,,
,,,,
,,,,
,,,,
,,,,
,,,,
,,,,
,,,,
,,,,
,,,,
,,,,
,,,,
,,,,
,,,,
,,,,
,,,,
,,,,
,,,,
,,,,
,,,,
,,,,
,,,,
,,,,
,,,,
,,,,
,,,,
,,,,
,,,,
,,,,
,,,,
,,,,
,,,,
,,,,
,,,,
,,,,
,,,,
,,,,
,,,,
,,,,
,,,,
,,,,
,,,,
,,,,
,,,,
,,,,
,,,,
,,,,
,,,,
,,,,
,,,,
,,,,
,,,,
,,,,
,,,,
,,,,
,,,,
,,,,
,,,,
,,,,
,,,,
,,,,
,,,,
,,,,
,,,,
,,,,
,,,,
,,,,
,,,,
,,,,
,,,,
,,,,
,,,,
,,,,
,,,,
,,,,
,,,,
,,,,
,,,,
,,,,
,,,,
,,,,
,,,,
,,,,
,,,,
,,,,
,,,,
,,,,
,,,,
,,,,
,,,,
,,,,
,,,,
,,,,
,,,,
,,,,
,,,,
,,,,
,,,,
,,,,
,,,,
,,,,
,,,,
,,,,
,,,,
,,,,
,,,,
,,,,
,,,,
,,,,
,,,,
,,,,
,,,,
,,,,
,,,,
,,,,
,,,,
,,,,
,,,,
,,,,
,,,,
,,,,
,,,,
,,,,
,,,,
,,,,
,,,,
,,,,
,,,,
,,,,
,,,,
,,,,
,,,,
,,,,
,,,,
,,,,
,,,,
,,,,
,,,,
,,,,
,,,,
,,,,
,,,,
,,,,
,,,,
,,,,
,,,,
,,,,
,,,,
,,,,
,,,,
,,,,
,,,,
,,,,
,,,,
,,,,
,,,,
,,,,
,,,,
,,,,
,,,,
,,,,
,,,,
,,,,
,,,,
,,,,
,,,,
,,,,
,,,,
,,,,
,,,,
,,,,
,,,,
,,,,
,,,,
,,,,
,,,,
,,,,
,,,,
,,,,
,,,,
,,,,
,,,,
,,,,
,,,,
,,,,
,,,,
,,,,
,,,,
,,,,
,,,,
,,,,
,,,,
,,,,
,,,,
,,,,
,,,,
,,,,
,,,,
,,,,
,,,,
,,,,
,,,,
,,,,
,,,,
,,,,
,,,,
,,,,
,,,,
,,,,
,,,,
,,,,
,,,,
,,,,
,,,,
,,,,
,,,,
,,,,
,,,,
,,,,
,,,,
,,,,
,,,,
,,,,
,,,,
,,,,
,,,,
,,,,
,,,,
,,,,
,,,,
,,,,
,,,,
,,,,
,,,,
,,,,
,,,,
,,,,
,,,,
,,,,
,,,,
,,,,
,,,,
,,,,
,,,,
,,,,
,,,,
,,,,
,,,,
,,,,
,,,,
,,,,
,,,,
,,,,
,,,,
,,,,
,,,,
,,,,
,,,,
,,,,
,,,,
,,,,
,,,,
,,,,
,,,,
,,,,
,,,,
,,,,
,,,,
,,,,
,,,,
,,,,
,,,,
,,,,
,,,,
,,,,
,,,,
,,,,
,,,,
,,,,
,,,,
,,,,
,,,,
,,,,
,,,,
,,,,
,,,,
,,,,
,,,,
,,,,
,,,,
,,,,
,,,,
,,,,
,,,,
,,,,
,,,,
,,,,
,,,,
,,,,
,,,,
,,,,
,,,,
,,,,
,,,,
,,,,
,,,,
,,,,
,,,,
,,,,
,,,,
,,,,
,,,,
,,,,
,,,,
,,,,
,,,,
,,,,
,,,,
,,,,
,,,,
,,,,
,,,,
,,,,
,,,,
,,,,
,,,,
,,,,
,,,,
,,,,
,,,,
,,,,
,,,,
,,,,
,,,,
,,,,
,,,,
,,,,
,,,,
,,,,
,,,,
,,,,
,,,,
,,,,
,,,,
,,,,
,,,,
,,,,
,,,,
,,,,
,,,,
,,,,
,,,,
,,,,
,,,,
,,,,
,,,,
,,,,
,,,,
,,,,
,,,,
,,,,
,,,,
,,,,
,,,,
,,,,
,,,,
,,,,
,,,,
,,,,
,,,,
,,,,
,,,,
,,,,
,,,,
,,,,
,,,,
,,,,
,,,,
,,,,
,,,,
,,,,
,,,,
,,,,
,,,,
,,,,
,,,,
,,,,
,,,,
,,,,
,,,,
,,,,
,,,,
,,,,
,,,,
,,,,
,,,,
,,,,
,,,,
,,,,
,,,,
,,,,
,,,,
,,,,
,,,,
,,,,
,,,,
,,,,
,,,,
,,,,
,,,,
,,,,
,,,,
,,,,
,,,,
,,,,
,,,,
,,,,
,,,,
,,,,
,,,,
,,,,
,,,,
,,,,
,,,,
,,,,
,,,,
,,,,
,,,,
,,,,
,,,,
,,,,
,,,,
,,,,
,,,,
,,,,
,,,,
,,,,
,,,,
,,,,
,,,,
,,,,
,,,,
,,,,
,,,,
,,,,
,,,,
,,,,
,,,,
,,,,
,,,,
,,,,
,,,,
,,,,
,,,,
,,,,
,,,,
,,,,
,,,,
,,,,
,,,,
,,,,
,,,,
,,,,
,,,,
,,,,
,,,,
,,,,
,,,,
,,,,
,,,,
,,,,
,,,,
,,,,
,,,,
,,,,
,,,,
,,,,
,,,,
,,,,
,,,,
,,,,
,,,,
,,,,
,,,,
,,,,
,,,,
,,,,
,,,,
,,,,
,,,,
,,,,
,,,,
,,,,
,,,,
,,,,
,,,,
,,,,
,,,,
,,,,
,,,,
,,,,
,,,,
,,,,
,,,,
,,,,
,,,,
,,,,
,,,,
,,,,
,,,,
,,,,
,,,,
,,,,
,,,,
,,,,
,,,,
,,,,
,,,,
,,,,
,,,,
,,,,
,,,,
,,,,
,,,,
,,,,
,,,,
,,,,
,,,,
,,,,
,,,,
,,,,
,,,,
,,,,
,,,,
,,,,
,,,,
,,,,
,,,,
,,,,
,,,,
,,,,
,,,,
,,,,
,,,,
,,,,
,,,,
,,,,
,,,,
,,,,
,,,,
,,,,
,,,,
,,,,
,,,,
,,,,
,,,,
,,,,
,,,,
,,,,
,,,,
,,,,
,,,,
,,,,
,,,,
,,,,
,,,,
,,,,
,,,,
,,,,
,,,,
,,,,
,,,,
,,,,
,,,,
,,,,
,,,,
,,,,
,,,,
,,,,
,,,,
,,,,
,,,,
,,,,
,,,,
,,,,
,,,,
,,,,
,,,,
,,,,
,,,,
,,,,
,,,,
,,,,
,,,,
,,,,
,,,,
,,,,
,,,,
,,,,
,,,,
,,,,
,,,,
,,,,
,,,,
,,,,
,,,,
,,,,
,,,,
,,,,
,,,,
,,,,
,,,,
,,,,
,,,,
,,,,
,,,,
,,,,
,,,,
,,,,
,,,,
,,,,
,,,,
,,,,
,,,,
,,,,
,,,,
,,,,
,,,,
,,,,
,,,,
,,,,
,,,,
,,,,
,,,,
,,,,
,,,,
,,,,
,,,,
,,,,
,,,,
,,,,
,,,,
,,,,
,,,,
,,,,
,,,,
,,,,
,,,,
,,,,
,,,,
,,,,
,,,,
,,,,
,,,,
,,,,
,,,,
,,,,
,,,,
,,,,
,,,,
,,,,
,,,,
,,,,
,,,,
,,,,
,,,,
,,,,
,,,,
,,,,
,,,,
,,,,
,,,,
,,,,
,,,,
,,,,
,,,,
,,,,
,,,,
,,,,
,,,,
,,,,
,,,,
,,,,
,,,,
,,,,
,,,,
,,,,
,,,,
,,,,
,,,,
,,,,
,,,,
,,,,
,,,,
,,,,
,,,,
,,,,
,,,,
,,,,
,,,,
,,,,
,,,,
,,,,
,,,,
,,,,
,,,,
,,,,
,,,,
,,,,
,,,,
,,,,
,,,,
,,,,
,,,,
,,,,
,,,,
,,,,
,,,,
,,,,
,,,,
,,,,
,,,,
,,,,
,,,,
,,,,
,,,,
,,,,
,,,,
,,,,
,,,,
,,,,
,,,,
,,,,
,,,,
,,,,
,,,,
,,,,
,,,,
,,,,
,,,,
,,,,
,,,,
,,,,
,,,,
,,,,
,,,,
,,,,
,,,,
,,,,
,,,,
,,,,
,,,,
,,,,
,,,,
,,,,
,,,,
,,,,
,,,,
,,,,
,,,,
,,,,
,,,,
,,,,
,,,,
,,,,
,,,,
,,,,
,,,,
,,,,
,,,,
,,,,
,,,,
,,,,
,,,,
,,,,
,,,,
,,,,
,,,,
,,,,
,,,,
,,,,
,,,,
,,,,
,,,,
,,,,
,,,,
,,,,
,,,,
,,,,
,,,,
,,,,
,,,,
,,,,
,,,,
,,,,
,,,,
,,,,
,,,,
,,,,
,,,,
,,,,
,,,,
,,,,
,,,,
,,,,
,,,,
,,,,
,,,,
,,,,
,,,,
,,,,
,,,,
,,,,
,,,,
,,,,
,,,,
,,,,
,,,,
,,,,
,,,,
,,,,
,,,,
,,,,
,,,,
,,,,
,,,,
,,,,
,,,,
,,,,
,,,,
,,,,
,,,,
,,,,
,,,,
,,,,
,,,,
,,,,
,,,,
,,,,
,,,,
,,,,
,,,,
,,,,
,,,,
,,,,
,,,,
,,,,
,,,,
,,,,
,,,,
,,,,
,,,,
,,,,
,,,,
,,,,
,,,,
,,,,
,,,,
,,,,
,,,,
,,,,
,,,,
,,,,
,,,,
,,,,
,,,,
,,,,
,,,,
,,,,
,,,,
,,,,
,,,,
,,,,
,,,,
,,,,
,,,,
,,,,
,,,,
,,,,
,,,,
,,,,
,,,,
,,,,
,,,,
,,,,
,,,,
,,,,
,,,,
,,,,
,,,,
,,,,
,,,,
,,,,
,,,,
,,,,
,,,,
,,,,
,,,,
,,,,
,,,,
,,,,
,,,,
,,,,
,,,,
,,,,
,,,,
,,,,
,,,,
,,,,
,,,,
,,,,
,,,,
,,,,
,,,,
,,,,
,,,,
,,,,
,,,,
,,,,
,,,,
,,,,
,,,,
,,,,
,,,,
,,,,
,,,,
,,,,
,,,,
,,,,
,,,,
,,,,
,,,,
,,,,
,,,,
,,,,
,,,,
,,,,
,,,,
,,,,
,,,,
,,,,
,,,,
,,,,
,,,,
,,,,
,,,,
,,,,
,,,,
,,,,
,,,,
,,,,
,,,,
,,,,
,,,,
,,,,
,,,,
,,,,
,,,,
,,,,
,,,,
,,,,
,,,,
,,,,
,,,,
,,,,
,,,,
,,,,
,,,,
,,,,
,,,,
,,,,
,,,,
,,,,
,,,,
,,,,
,,,,
,,,,
,,,,
,,,,
,,,,
,,,,
,,,,
,,,,
,,,,
,,,,
,,,,
,,,,
,,,,
,,,,
,,,,
,,,,
,,,,
,,,,
,,,,
,,,,
,,,,
,,,,
,,,,
,,,,
,,,,
,,,,
,,,,
,,,,
,,,,
,,,,
,,,,
,,,,
,,,,
,,,,
,,,,
,,,,
,,,,
,,,,
,,,,
,,,,
,,,,
,,,,
,,,,
,,,,
,,,,
,,,,
,,,,
,,,,
,,,,
,,,,
,,,,
,,,,
,,,,
,,,,
,,,,
,,,,
,,,,
,,,,
,,,,
,,,,
,,,,
,,,,
,,,,
,,,,
,,,,
,,,,
,,,,
,,,,
,,,,
,,,,
,,,,
,,,,
,,,,
,,,,
,,,,
,,,,
,,,,
,,,,
,,,,
,,,,
,,,,
,,,,
,,,,
,,,,
,,,,
,,,,
,,,,
,,,,
,,,,
,,,,
,,,,
,,,,
,,,,
,,,,
,,,,
,,,,
,,,,
,,,,
,,,,
,,,,
,,,,
,,,,
,,,,
,,,,
,,,,
,,,,
,,,,
,,,,
,,,,
,,,,
,,,,
,,,,
,,,,
,,,,
,,,,
,,,,
,,,,
,,,,
,,,,
,,,,
,,,,
,,,,
,,,,
,,,,
,,,,
,,,,
,,,,
,,,,
,,,,
,,,,
,,,,
,,,,
,,,,
,,,,
,,,,
,,,,
,,,,
,,,,
,,,,
,,,,
,,,,
,,,,
,,,,
,,,,
,,,,
,,,,
,,,,
,,,,
,,,,
,,,,
,,,,
,,,,
,,,,
,,,,
,,,,
,,,,
,,,,
,,,,
,,,,
,,,,
,,,,
,,,,
,,,,
,,,,
,,,,
,,,,
,,,,
,,,,
,,,,
,,,,
,,,,
,,,,
,,,,
,,,,
,,,,
,,,,
,,,,
,,,,
,,,,
,,,,
,,,,
,,,,
,,,,
,,,,
,,,,
,,,,
,,,,
,,,,
,,,,
,,,,
,,,,
,,,,
,,,,
,,,,
,,,,
,,,,
,,,,
,,,,
,,,,
,,,,
,,,,
,,,,
,,,,
,,,,
,,,,
,,,,
,,,,
,,,,
,,,,
,,,,
,,,,
,,,,
,,,,
,,,,
,,,,
,,,,
,,,,
,,,,
,,,,
,,,,
,,,,
,,,,
,,,,
,,,,
,,,,
,,,,
,,,,
,,,,
,,,,
,,,,
,,,,
,,,,
,,,,
,,,,
,,,,
,,,,
,,,,
,,,,
,,,,
,,,,
,,,,
,,,,
,,,,
,,,,
,,,,
,,,,
,,,,
,,,,
,,,,
,,,,
,,,,
,,,,
,,,,
,,,,
,,,,
,,,,
,,,,
,,,,
,,,,
,,,,
,,,,
,,,,
,,,,
,,,,
,,,,
,,,,
,,,,
,,,,
,,,,
,,,,
,,,,
,,,,
,,,,
,,,,
,,,,
,,,,
,,,,
,,,,
,,,,
,,,,
,,,,
,,,,
,,,,
,,,,
,,,,
,,,,
,,,,
,,,,
,,,,
,,,,
,,,,
,,,,
,,,,
,,,,
,,,,
,,,,
,,,,
,,,,
,,,,
,,,,
,,,,
,,,,
,,,,
,,,,
,,,,
,,,,
,,,,
,,,,
,,,,
,,,,
,,,,
,,,,
,,,,
,,,,
,,,,
,,,,
,,,,
,,,,
,,,,
,,,,
,,,,
,,,,
,,,,
,,,,
,,,,
,,,,
,,,,
,,,,
,,,,
,,,,
,,,,
,,,,
,,,,
,,,,
,,,,
,,,,
,,,,
,,,,
,,,,
,,,,
,,,,
,,,,
,,,,
,,,,
,,,,
,,,,
,,,,
,,,,
,,,,
,,,,
,,,,
,,,,
,,,,
,,,,
,,,,
,,,,
,,,,
,,,,
,,,,
,,,,
,,,,
,,,,
,,,,
,,,,
,,,,
,,,,
,,,,
,,,,
,,,,
,,,,
,,,,
,,,,
,,,,
,,,,
,,,,
,,,,
,,,,
,,,,
,,,,
,,,,
,,,,
,,,,
,,,,
,,,,
,,,,
,,,,
,,,,
,,,,
,,,,
,,,,
,,,,
,,,,
,,,,
,,,,
,,,,
,,,,
,,,,
,,,,
,,,,
,,,,
,,,,
,,,,
,,,,
,,,,
,,,,
,,,,
,,,,
,,,,
,,,,
,,,,
,,,,
,,,,
,,,,
,,,,
,,,,
,,,,
,,,,
,,,,
,,,,
,,,,
,,,,
,,,,
,,,,
,,,,
,,,,
,,,,
,,,,
,,,,
,,,,
,,,,
,,,,
,,,,
,,,,
,,,,
,,,,
,,,,
,,,,
,,,,
,,,,
,,,,
,,,,
,,,,
,,,,
,,,,
,,,,
,,,,
,,,,
,,,,
,,,,
,,,,
,,,,
,,,,
,,,,
,,,,
,,,,
,,,,
,,,,
,,,,
,,,,
,,,,
,,,,
,,,,
,,,,
,,,,
,,,,
,,,,
,,,,
,,,,
,,,,
,,,,
,,,,
,,,,
,,,,
,,,,
,,,,
,,,,
,,,,
,,,,
,,,,
,,,,
,,,,
,,,,
,,,,
,,,,
,,,,
,,,,
,,,,
,,,,
,,,,
,,,,
,,,,
,,,,
,,,,
,,,,
,,,,
,,,,
,,,,
,,,,
,,,,
,,,,
,,,,
,,,,
,,,,
,,,,
,,,,
,,,,
,,,,
,,,,
,,,,
,,,,
,,,,
,,,,
,,,,
,,,,
,,,,
,,,,
,,,,
,,,,
,,,,
,,,,
,,,,
,,,,
,,,,
,,,,
,,,,
,,,,
,,,,
,,,,
,,,,
,,,,
,,,,
,,,,
,,,,
,,,,
,,,,
,,,,
,,,,
,,,,
,,,,
,,,,
,,,,
,,,,
,,,,
,,,,
,,,,
,,,,
,,,,
,,,,
,,,,
,,,,
,,,,
,,,,
,,,,
,,,,
,,,,
,,,,
,,,,
,,,,
,,,,
,,,,
,,,,
,,,,
,,,,
,,,,
,,,,
,,,,
,,,,
,,,,
,,,,
,,,,
,,,,
,,,,
,,,,
,,,,
,,,,
,,,,
,,,,
,,,,
,,,,
,,,,
,,,,
,,,,
,,,,
,,,,
,,,,
,,,,
,,,,
,,,,
,,,,
,,,,
,,,,
,,,,
,,,,
,,,,
,,,,
,,,,
,,,,
,,,,
,,,,
,,,,
,,,,
,,,,
,,,,
,,,,
,,,,
,,,,
,,,,
,,,,
,,,,
,,,,
,,,,
,,,,
,,,,
,,,,
,,,,
,,,,
,,,,
,,,,
,,,,
,,,,
,,,,
,,,,
,,,,
,,,,
,,,,
,,,,
,,,,
,,,,
,,,,
,,,,
,,,,
,,,,
,,,,
,,,,
,,,,
,,,,
,,,,
,,,,
,,,,
,,,,
,,,,
,,,,
,,,,
,,,,
,,,,
,,,,
,,,,
,,,,
,,,,
,,,,
,,,,
,,,,
,,,,
,,,,
,,,,
,,,,
,,,,
,,,,
,,,,
,,,,
,,,,
,,,,
,,,,
,,,,
,,,,
,,,,
,,,,
,,,,
,,,,
,,,,
,,,,
,,,,
,,,,
,,,,
,,,,
,,,,
,,,,
,,,,
,,,,
,,,,
,,,,
,,,,
,,,,
,,,,
,,,,
,,,,
,,,,
,,,,
,,,,
,,,,
,,,,
,,,,
,,,,
,,,,
,,,,
,,,,
,,,,
,,,,
,,,,
,,,,
,,,,
,,,,
,,,,
,,,,
,,,,
,,,,
,,,,
,,,,
,,,,
,,,,
,,,,
,,,,
,,,,
,,,,
,,,,
,,,,
,,,,
,,,,
,,,,
,,,,
,,,,
,,,,
,,,,
,,,,
,,,,
,,,,
,,,,
,,,,
,,,,
,,,,
,,,,
,,,,
,,,,
,,,,
,,,,
,,,,
,,,,
,,,,
,,,,
,,,,
,,,,
,,,,
,,,,
,,,,
,,,,
,,,,
,,,,
,,,,
,,,,
,,,,
,,,,
,,,,
,,,,
,,,,
,,,,
,,,,
,,,,
,,,,
,,,,
,,,,
,,,,
,,,,
,,,,
,,,,
,,,,
,,,,
,,,,
,,,,
,,,,
,,,,
,,,,
,,,,
,,,,
,,,,
,,,,
,,,,
,,,,
,,,,
,,,,
,,,,
,,,,
,,,,
,,,,
,,,,
,,,,
,,,,
,,,,
,,,,
,,,,
,,,,
,,,,
,,,,
,,,,
,,,,
,,,,
,,,,
,,,,
,,,,
,,,,
,,,,
,,,,
,,,,
,,,,
,,,,
,,,,
,,,,
,,,,
,,,,
,,,,
,,,,
,,,,
,,,,
,,,,
,,,,
,,,,
,,,,
,,,,
,,,,
,,,,
,,,,
,,,,
,,,,
,,,,
,,,,
,,,,
,,,,
,,,,
,,,,
,,,,
,,,,
,,,,
,,,,
,,,,
,,,,
,,,,
,,,,
,,,,
,,,,
,,,,
,,,,
,,,,
,,,,
,,,,
,,,,
,,,,
,,,,
,,,,
,,,,
,,,,
,,,,
,,,,
,,,,
,,,,
,,,,
,,,,
,,,,
,,,,
,,,,
,,,,
,,,,
,,,,
,,,,
,,,,
,,,,
,,,,
,,,,
,,,,
,,,,
,,,,
,,,,
,,,,
,,,,
,,,,
,,,,
,,,,
,,,,
,,,,
,,,,
,,,,
,,,,
,,,,
,,,,
,,,,
,,,,
,,,,
,,,,
,,,,
,,,,
,,,,
,,,,
,,,,
,,,,
,,,,
,,,,
,,,,
,,,,
,,,,
,,,,
,,,,
,,,,
,,,,
,,,,
,,,,
,,,,
,,,,
,,,,
,,,,
,,,,
,,,,
,,,,
,,,,
,,,,
,,,,
,,,,
,,,,
,,,,
,,,,
,,,,
,,,,
,,,,
,,,,
,,,,
,,,,
,,,,
,,,,
,,,,
,,,,
,,,,
,,,,
,,,,
,,,,
,,,,
,,,,
,,,,
,,,,
,,,,
,,,,
,,,,
,,,,
,,,,
,,,,
,,,,
,,,,
,,,,
,,,,
,,,,
,,,,
,,,,
,,,,
,,,,
,,,,
,,,,
,,,,
,,,,
,,,,
,,,,
,,,,
,,,,
,,,,
,,,,
,,,,
,,,,
,,,,
,,,,
,,,,
,,,,
,,,,
,,,,
,,,,
,,,,
,,,,
,,,,
,,,,
,,,,
,,,,
,,,,
,,,,
,,,,
,,,,
,,,,
,,,,
,,,,
,,,,
,,,,
,,,,
,,,,
,,,,
,,,,
,,,,
,,,,
,,,,
,,,,
,,,,
,,,,
,,,,
,,,,
,,,,
,,,,
,,,,
,,,,
,,,,
,,,,
,,,,
,,,,
,,,,
,,,,
,,,,
,,,,
,,,,
,,,,
,,,,
,,,,
,,,,
,,,,
,,,,
,,,,
,,,,
,,,,
,,,,
,,,,
,,,,
,,,,
,,,,
,,,,
,,,,
,,,,
,,,,
,,,,
,,,,
,,,,
,,,,
,,,,
,,,,
,,,,
,,,,
,,,,
,,,,
,,,,
,,,,
,,,,
,,,,
,,,,
,,,,
,,,,
,,,,
,,,,
,,,,
,,,,
,,,,
,,,,
,,,,
,,,,
,,,,
,,,,
,,,,
,,,,
,,,,
,,,,
,,,,
,,,,
,,,,
,,,,
,,,,
,,,,
,,,,
,,,,
,,,,
,,,,
,,,,
,,,,
,,,,
,,,,
,,,,
,,,,
,,,,
,,,,
,,,,
,,,,
,,,,
,,,,
,,,,
,,,,
,,,,
,,,,
,,,,
,,,,
,,,,
,,,,
,,,,
,,,,
,,,,
,,,,
,,,,
,,,,
,,,,
,,,,
,,,,
,,,,
,,,,
,,,,
,,,,
,,,,
,,,,
,,,,
,,,,
,,,,
,,,,
,,,,
,,,,
,,,,
,,,,
,,,,
,,,,
,,,,
,,,,
,,,,
,,,,
,,,,
,,,,
,,,,
,,,,
,,,,
,,,,
,,,,
,,,,
,,,,
,,,,
,,,,
,,,,
,,,,
,,,,
,,,,
,,,,
,,,,
,,,,
,,,,
,,,,
,,,,
,,,,
,,,,
,,,,
,,,,
,,,,
,,,,
,,,,
,,,,
,,,,
,,,,
,,,,
,,,,
,,,,
,,,,
,,,,
,,,,
,,,,
,,,,
,,,,
,,,,
,,,,
,,,,
,,,,
,,,,
,,,,
,,,,
,,,,
,,,,
,,,,
,,,,
,,,,
,,,,
,,,,
,,,,
,,,,
,,,,
,,,,
,,,,
,,,,
,,,,
,,,,
,,,,
,,,,
,,,,
,,,,
,,,,
,,,,
,,,,
,,,,
,,,,
,,,,
,,,,
,,,,
,,,,
,,,,
,,,,
,,,,
,,,,
,,,,
,,,,
,,,,
,,,,
,,,,
,,,,
,,,,
,,,,
,,,,
,,,,
,,,,
,,,,
,,,,
,,,,
,,,,
,,,,
,,,,
,,,,
,,,,
,,,,
,,,,
,,,,
,,,,
,,,,
,,,,
,,,,
,,,,
,,,,
,,,,
,,,,
,,,,
,,,,
,,,,
,,,,
,,,,
,,,,
,,,,
,,,,
,,,,
,,,,
,,,,
,,,,
,,,,
,,,,
,,,,
,,,,
,,,,
,,,,
,,,,
,,,,
,,,,
,,,,
,,,,
,,,,
,,,,
,,,,
,,,,
,,,,
,,,,
,,,,
,,,,
,,,,
,,,,
,,,,
,,,,
,,,,
,,,,
,,,,
,,,,
,,,,
,,,,
,,,,
,,,,
,,,,
,,,,
,,,,
,,,,
,,,,
,,,,
,,,,
,,,,
,,,,
,,,,
,,,,
,,,,
,,,,
,,,,
,,,,
,,,,
,,,,
,,,,
,,,,
,,,,
,,,,
,,,,
,,,,
,,,,
,,,,
,,,,
,,,,
,,,,
,,,,
,,,,
,,,,
,,,,
,,,,
,,,,
,,,,
,,,,
,,,,
,,,,
,,,,
,,,,
,,,,
,,,,
,,,,
,,,,
,,,,
,,,,
,,,,
,,,,
,,,,
,,,,
,,,,
,,,,
,,,,
,,,,
,,,,
,,,,
,,,,
,,,,
,,,,
,,,,
,,,,
,,,,
,,,,
,,,,
,,,,
,,,,
,,,,
,,,,
,,,,
,,,,
,,,,
,,,,
,,,,
,,,,
,,,,
,,,,
,,,,
,,,,
,,,,
,,,,
,,,,
,,,,
,,,,
,,,,
,,,,
,,,,
,,,,
,,,,
,,,,
,,,,
,,,,
,,,,
,,,,
,,,,
,,,,
,,,,
,,,,
,,,,
,,,,
,,,,
,,,,
,,,,
,,,,
,,,,
,,,,
,,,,
,,,,
,,,,
,,,,
,,,,
,,,,
,,,,
,,,,
,,,,
,,,,
,,,,
,,,,
,,,,
,,,,
,,,,
,,,,
,,,,
,,,,
,,,,
,,,,
,,,,
,,,,
,,,,
,,,,
,,,,
,,,,
,,,,
,,,,
,,,,
,,,,
,,,,
,,,,
,,,,
,,,,
,,,,
,,,,
,,,,
,,,,
,,,,
,,,,
,,,,
,,,,
,,,,
,,,,
,,,,
,,,,
,,,,
,,,,
,,,,
,,,,
,,,,
,,,,
,,,,
,,,,
,,,,
,,,,
,,,,
,,,,
,,,,
,,,,
,,,,
,,,,
,,,,
,,,,
,,,,
,,,,
,,,,
,,,,
,,,,
,,,,
,,,,
,,,,
,,,,
,,,,
,,,,
,,,,
,,,,
,,,,
,,,,
,,,,
,,,,
,,,,
,,,,
,,,,
,,,,
,,,,
,,,,
,,,,
,,,,
,,,,
,,,,
,,,,
,,,,
,,,,
,,,,
,,,,
,,,,
,,,,
,,,,
,,,,
,,,,
,,,,
,,,,
,,,,
,,,,
,,,,
,,,,
,,,,
,,,,
,,,,
,,,,
,,,,
,,,,
,,,,
,,,,
,,,,
,,,,
,,,,
,,,,
,,,,
,,,,
,,,,
,,,,
,,,,
,,,,
,,,,
,,,,
,,,,
,,,,
,,,,
,,,,
,,,,
,,,,
,,,,
,,,,
,,,,
,,,,
,,,,
,,,,
,,,,
,,,,
,,,,
,,,,
,,,,
,,,,
,,,,
,,,,
,,,,
,,,,
,,,,
,,,,
,,,,
,,,,
,,,,
,,,,
,,,,
,,,,
,,,,
,,,,
,,,,
,,,,
,,,,
,,,,
,,,,
,,,,
,,,,
,,,,
,,,,
,,,,
,,,,
,,,,
,,,,
,,,,
,,,,
,,,,
,,,,
,,,,
,,,,
,,,,
,,,,
,,,,
,,,,
,,,,
,,,,
,,,,
,,,,
,,,,
,,,,
,,,,
,,,,
,,,,
,,,,
,,,,
,,,,
,,,,
,,,,
,,,,
,,,,
,,,,
,,,,
,,,,
,,,,
,,,,
,,,,
,,,,
,,,,
,,,,
,,,,
,,,,
,,,,
,,,,
,,,,
,,,,
,,,,
,,,,
,,,,
,,,,
,,,,
,,,,
,,,,
,,,,
,,,,
,,,,
,,,,
,,,,
,,,,
,,,,
,,,,
,,,,
,,,,
,,,,
,,,,
,,,,
,,,,
,,,,
,,,,
,,,,
,,,,
,,,,
,,,,
,,,,
,,,,
,,,,
,,,,
,,,,
,,,,
,,,,
,,,,
,,,,
,,,,
,,,,
,,,,
,,,,
,,,,
,,,,
,,,,
,,,,
,,,,
,,,,
,,,,
,,,,
,,,,
,,,,
,,,,
,,,,
,,,,
,,,,
,,,,
,,,,
,,,,
,,,,
,,,,
,,,,
,,,,
,,,,
,,,,
,,,,
,,,,
,,,,
,,,,
,,,,
,,,,
,,,,
,,,,
,,,,
,,,,
,,,,
,,,,
,,,,
,,,,
,,,,
,,,,
,,,,
,,,,
,,,,
,,,,
,,,,
,,,,
,,,,
,,,,
,,,,
,,,,
,,,,
,,,,
,,,,
,,,,
,,,,
,,,,
,,,,
,,,,
,,,,
,,,,
,,,,
,,,,
,,,,
,,,,
,,,,
,,,,
,,,,
,,,,
,,,,
,,,,
,,,,
,,,,
,,,,
,,,,
,,,,
,,,,
,,,,
,,,,
,,,,
,,,,
,,,,
,,,,
,,,,
,,,,
,,,,
,,,,
,,,,
,,,,
,,,,
,,,,
,,,,
,,,,
,,,,
,,,,
,,,,
,,,,
,,,,
,,,,
,,,,
,,,,
,,,,
,,,,
,,,,
,,,,
,,,,
,,,,
,,,,
,,,,
,,,,
,,,,
,,,,
,,,,
,,,,
,,,,
,,,,
,,,,
,,,,
,,,,
,,,,
,,,,
,,,,
,,,,
,,,,
,,,,
,,,,
,,,,
,,,,
,,,,
,,,,
,,,,
,,,,
,,,,
,,,,
,,,,
,,,,
,,,,
,,,,
,,,,
,,,,
,,,,
,,,,
,,,,
,,,,
,,,,
,,,,
,,,,
,,,,
,,,,
,,,,
,,,,
,,,,
,,,,
,,,,
,,,,
,,,,
,,,,
,,,,
,,,,
,,,,
,,,,
,,,,
,,,,
,,,,
,,,,
,,,,
,,,,
,,,,
,,,,
,,,,
,,,,
,,,,
,,,,
,,,,
,,,,
,,,,
,,,,
,,,,
,,,,
,,,,
,,,,
,,,,
,,,,
,,,,
,,,,
,,,,
,,,,
,,,,
,,,,
,,,,
,,,,
,,,,
,,,,
,,,,
,,,,
,,,,
,,,,
,,,,
,,,,
,,,,
,,,,
,,,,
,,,,
,,,,
,,,,
,,,,
,,,,
,,,,
,,,,
,,,,
,,,,
,,,,
,,,,
,,,,
,,,,
,,,,
,,,,
,,,,
,,,,
,,,,
,,,,
,,,,
,,,,
,,,,
,,,,
,,,,
,,,,
,,,,
,,,,
,,,,
,,,,
,,,,
,,,,
,,,,
,,,,
,,,,
,,,,
,,,,
,,,,
,,,,
,,,,
,,,,
,,,,
,,,,
,,,,
,,,,
,,,,
,,,,
,,,,
,,,,
,,,,
,,,,
,,,,
,,,,
,,,,
,,,,
,,,,
,,,,
,,,,
,,,,
,,,,
,,,,
,,,,
,,,,
,,,,
,,,,
,,,,
,,,,
,,,,
,,,,
,,,,
,,,,
,,,,
,,,,
,,,,
,,,,
,,,,
,,,,
,,,,
,,,,
,,,,
,,,,
,,,,
,,,,
,,,,
,,,,
,,,,
,,,,
,,,,
,,,,
,,,,
,,,,
,,,,
,,,,
,,,,
,,,,
,,,,
,,,,
,,,,
,,,,
,,,,
,,,,
,,,,
,,,,
,,,,
,,,,
,,,,
,,,,
,,,,
,,,,
,,,,
,,,,
,,,,
,,,,
,,,,
,,,,
,,,,
,,,,
,,,,
,,,,
,,,,
,,,,
,,,,
,,,,
,,,,
,,,,
,,,,
,,,,
,,,,
,,,,
,,,,
,,,,
,,,,
,,,,
,,,,
,,,,
,,,,
,,,,
,,,,
,,,,
,,,,
,,,,
,,,,
,,,,
,,,,
,,,,
,,,,
,,,,
,,,,
,,,,
,,,,
,,,,
,,,,
,,,,
,,,,
,,,,
,,,,
,,,,
,,,,
,,,,
,,,,
,,,,
,,,,
,,,,
,,,,
,,,,
,,,,
,,,,
,,,,
,,,,
,,,,
,,,,
,,,,
,,,,
,,,,
,,,,
,,,,
,,,,
,,,,
,,,,
,,,,
,,,,
,,,,
,,,,
,,,,
,,,,
,,,,
,,,,
,,,,
,,,,
,,,,
,,,,
,,,,
,,,,
,,,,
,,,,
,,,,
,,,,
,,,,
,,,,
,,,,
,,,,
,,,,
,,,,
,,,,
,,,,
,,,,
,,,,
,,,,
,,,,
,,,,
,,,,
,,,,
,,,,
,,,,
,,,,
,,,,
,,,,
,,,,
,,,,
,,,,
,,,,
,,,,
,,,,
,,,,
,,,,
,,,,
,,,,
,,,,
,,,,
,,,,
,,,,
,,,,
,,,,
,,,,
,,,,
,,,,
,,,,
,,,,
,,,,
,,,,
,,,,
,,,,
,,,,
,,,,
,,,,
,,,,
,,,,
,,,,
,,,,
,,,,
,,,,
,,,,
,,,,
,,,,
,,,,
,,,,
,,,,
,,,,
,,,,
,,,,
,,,,
,,,,
,,,,
,,,,
,,,,
,,,,
,,,,
,,,,
,,,,
,,,,
,,,,
,,,,
,,,,
,,,,
,,,,
,,,,
,,,,
,,,,
,,,,
,,,,
,,,,
,,,,
,,,,
,,,,
,,,,
,,,,
,,,,
,,,,
,,,,
,,,,
,,,,
,,,,
,,,,
,,,,
,,,,
,,,,
,,,,
,,,,
,,,,
,,,,
,,,,
,,,,
,,,,
,,,,
,,,,
,,,,
,,,,
,,,,
,,,,
,,,,
,,,,
,,,,
,,,,
,,,,
,,,,
,,,,
,,,,
,,,,
,,,,
,,,,
,,,,
,,,,
,,,,
,,,,
,,,,
,,,,
,,,,
,,,,
,,,,
,,,,
,,,,
,,,,
,,,,
,,,,
,,,,
,,,,
,,,,
,,,,
,,,,
,,,,
,,,,
,,,,
,,,,
,,,,
,,,,
,,,,
,,,,
,,,,
,,,,
,,,,
,,,,
,,,,
,,,,
,,,,
,,,,
,,,,
,,,,
,,,,
,,,,
,,,,
,,,,
,,,,
,,,,
,,,,
,,,,
,,,,
,,,,
,,,,
,,,,
,,,,
,,,,
,,,,
,,,,
,,,,
,,,,
,,,,
,,,,
,,,,
,,,,
,,,,
,,,,
,,,,
,,,,
,,,,
,,,,
,,,,
,,,,
,,,,
,,,,
,,,,
,,,,
,,,,
,,,,
,,,,
,,,,
,,,,
,,,,
,,,,
,,,,
,,,,
,,,,
,,,,
,,,,
,,,,
,,,,
,,,,
,,,,
,,,,
,,,,
,,,,
,,,,
,,,,
,,,,
,,,,
,,,,
,,,,
,,,,
,,,,
,,,,
,,,,
,,,,
,,,,
,,,,
,,,,
,,,,
,,,,
,,,,
,,,,
,,,,
,,,,
,,,,
,,,,
,,,,
,,,,
,,,,
,,,,
,,,,
,,,,
,,,,
,,,,
,,,,
,,,,
,,,,
,,,,
,,,,
,,,,
,,,,
,,,,
,,,,
,,,,
,,,,
,,,,
,,,,
,,,,
,,,,
,,,,
,,,,
,,,,
,,,,
,,,,
,,,,
,,,,
,,,,
,,,,
,,,,
,,,,
,,,,
,,,,
,,,,
,,,,
,,,,
,,,,
,,,,
,,,,
,,,,
,,,,
,,,,
,,,,
,,,,
,,,,
,,,,
,,,,
,,,,
,,,,
,,,,
,,,,
,,,,
,,,,
,,,,
,,,,
,,,,
,,,,
,,,,
,,,,
,,,,
,,,,
,,,,
,,,,
,,,,
,,,,
,,,,
,,,,
,,,,
,,,,
,,,,
,,,,
,,,,
,,,,
,,,,
,,,,
,,,,
,,,,
,,,,
,,,,
,,,,
,,,,
,,,,
,,,,
,,,,
,,,,
,,,,
,,,,
,,,,
,,,,
,,,,
,,,,
,,,,
,,,,
,,,,
,,,,
,,,,
,,,,
,,,,
,,,,
,,,,
,,,,
,,,,
,,,,
,,,,
,,,,
,,,,
,,,,
,,,,
,,,,
,,,,
,,,,
,,,,
,,,,
,,,,
,,,,
,,,,
,,,,
,,,,
,,,,
,,,,
,,,,
,,,,
,,,,
,,,,
,,,,
,,,,
,,,,
,,,,
,,,,
,,,,
,,,,
,,,,
,,,,
,,,,
,,,,
,,,,
,,,,
,,,,
,,,,
,,,,
,,,,
,,,,
,,,,
,,,,
,,,,
,,,,
,,,,
,,,,
,,,,
,,,,
,,,,
,,,,
,,,,
,,,,
,,,,
,,,,
,,,,
,,,,
,,,,
,,,,
,,,,
,,,,
,,,,
,,,,
,,,,
,,,,
,,,,
,,,,
,,,,
,,,,
,,,,
,,,,
,,,,
,,,,
,,,,
,,,,
,,,,
,,,,
,,,,
,,,,
,,,,
,,,,
,,,,
,,,,
,,,,
,,,,
,,,,
,,,,
,,,,
,,,,
,,,,
,,,,
,,,,
,,,,
,,,,
,,,,
,,,,
,,,,
,,,,
,,,,
,,,,
,,,,
,,,,
,,,,
,,,,
,,,,
,,,,
,,,,
,,,,
,,,,
,,,,
,,,,
,,,,
,,,,
,,,,
,,,,
,,,,
,,,,
,,,,
,,,,
,,,,
,,,,
,,,,
,,,,
,,,,
,,,,
,,,,
,,,,
,,,,
,,,,
,,,,
,,,,
,,,,
,,,,
,,,,
,,,,
,,,,
,,,,
,,,,
,,,,
,,,,
,,,,
,,,,
,,,,
,,,,
,,,,
,,,,
,,,,
,,,,
,,,,
,,,,
,,,,
,,,,
,,,,
,,,,
,,,,
,,,,
,,,,
,,,,
,,,,
,,,,
,,,,
,,,,
,,,,
,,,,
,,,,
,,,,
,,,,
,,,,
,,,,
,,,,
,,,,
,,,,
,,,,
,,,,
,,,,
,,,,
,,,,
,,,,
,,,,
,,,,
,,,,
,,,,
,,,,
,,,,
,,,,
,,,,
,,,,
,,,,
,,,,
,,,,
,,,,
,,,,
,,,,
,,,,
,,,,
,,,,
,,,,
,,,,
,,,,
,,,,
,,,,
,,,,
,,,,
,,,,
,,,,
,,,,
,,,,
,,,,
,,,,
,,,,
,,,,
,,,,
,,,,
,,,,
,,,,
,,,,
,,,,
,,,,
,,,,
,,,,
,,,,
,,,,
,,,,
,,,,
,,,,
,,,,
,,,,
,,,,
,,,,
,,,,
,,,,
,,,,
,,,,
,,,,
,,,,
,,,,
,,,,
,,,,
,,,,
,,,,
,,,,
,,,,
,,,,
,,,,
,,,,
,,,,
,,,,
,,,,
,,,,
,,,,
,,,,
,,,,
,,,,
,,,,
,,,,
,,,,
,,,,
,,,,
,,,,
,,,,
,,,,
,,,,
,,,,
,,,,
,,,,
,,,,
,,,,
,,,,
,,,,
,,,,
,,,,
,,,,
,,,,
,,,,
,,,,
,,,,
,,,,
,,,,
,,,,
,,,,
,,,,
,,,,
,,,,
,,,,
,,,,
,,,,
,,,,
,,,,
,,,,
,,,,
,,,,
,,,,
,,,,
,,,,
,,,,
,,,,
,,,,
,,,,
,,,,
,,,,
,,,,
,,,,
,,,,
,,,,
,,,,
,,,,
,,,,
,,,,
,,,,
,,,,
,,,,
,,,,
,,,,
,,,,
,,,,
,,,,
,,,,
,,,,
,,,,
,,,,
,,,,
,,,,
,,,,
,,,,
,,,,
,,,,
,,,,
,,,,
,,,,
,,,,
,,,,
,,,,
,,,,
,,,,
,,,,
,,,,
,,,,
,,,,
,,,,
,,,,
,,,,
,,,,
,,,,
,,,,
,,,,
,,,,
,,,,
,,,,
,,,,
,,,,
,,,,
,,,,
,,,,
,,,,
,,,,
,,,,
,,,,
,,,,
,,,,
,,,,
,,,,
,,,,
,,,,
,,,,
,,,,
,,,,
,,,,
,,,,
,,,,
,,,,
,,,,
,,,,
,,,,
,,,,
,,,,
,,,,
,,,,
,,,,
,,,,
,,,,
,,,,
,,,,
,,,,
,,,,
,,,,
,,,,
,,,,
,,,,
,,,,
,,,,
,,,,
,,,,
,,,,
,,,,
,,,,
,,,,
,,,,
,,,,
,,,,
,,,,
,,,,
,,,,
,,,,
,,,,
,,,,
,,,,
,,,,
,,,,
,,,,
,,,,
,,,,
,,,,
,,,,
,,,,
,,,,
,,,,
,,,,
,,,,
,,,,
,,,,
,,,,
,,,,
,,,,
,,,,
,,,,
,,,,
,,,,
,,,,
,,,,
,,,,
,,,,
,,,,
,,,,
,,,,
,,,,
,,,,
,,,,
,,,,
,,,,
,,,,
,,,,
,,,,
,,,,
,,,,
,,,,
,,,,
,,,,
,,,,
,,,,
,,,,
,,,,
,,,,
,,,,
,,,,
,,,,
,,,,
,,,,
,,,,
,,,,
,,,,
,,,,
,,,,
,,,,
,,,,
,,,,
,,,,
,,,,
,,,,
,,,,
,,,,
,,,,
,,,,
,,,,
